PID	Code	Description	Size	Units	Value	Bldg#	CollectedOn
12	FPL2	1.5 STORY CHIM	1.00	UNITS	3800	1	2024-11-04
16	FPO	EXTRA FPL OPEN	1.00	UNITS	500	1	2024-11-04
16	SPR2	WET/CONCEALED	12932.00	S.F.	20400	1	2024-11-04
16	FPL1	FIREPLACE 1 ST	1.00	UNITS	1800	1	2024-11-04
16	ELV2	4 STOP PASSNGR	1.00	UNITS	37100	1	2024-11-04
16	FPL	FIREPLCE/MET F	9.00	UNITS	7100	1	2024-11-04
16	SPR1	SPRINKLERS-WET	2541.00	S.F.	3400	1	2024-11-04
16	GNRB	SV GENERATOR	0.00	UNITS	0	1	2024-11-04
20	FPL2	1.5 STORY CHIM	1.00	UNITS	4100	1	2024-11-04
21	FPL2	1.5 STORY CHIM	2.00	UNITS	7700	1	2024-11-04
22	FPL1	FIREPLACE 1 ST	1.00	UNITS	3000	1	2024-11-04
23	FPL2	1.5 STORY CHIM	1.00	UNITS	3200	1	2024-11-04
23	HRTH	HEARTH-INC FLU	1.00	UNITS	1300	1	2024-11-04
26	GNRA	SV GENERATOR	1.00	UNITS	3600	1	2024-11-04
27	FPL1	FIREPLACE 1 ST	1.00	UNITS	3500	1	2024-11-04
28	FPL1	FIREPLACE 1 ST	1.00	UNITS	3200	1	2024-11-04
30	FPL	FIREPLCE/MET F	1.00	UNITS	1500	1	2024-11-04
34	HRTH	HEARTH-INC FLU	1.00	UNITS	1500	1	2024-11-04
34	SNA	SAUNA	37.00	S.F.	4100	1	2024-11-04
41	HRTH	HEARTH-INC FLU	1.00	UNITS	1600	1	2024-11-04
41	GNRA	SV GENERATOR	1.00	UNITS	5000	1	2024-11-04
42	FPL2	1.5 STORY CHIM	1.00	UNITS	3200	1	2024-11-04
57	FPL3	2 STORY CHIM	1.00	UNITS	4500	1	2024-11-04
58	FPL1	FIREPLACE 1 ST	1.00	UNITS	2900	1	2024-11-04
58	LIFT	LIFT	1.00	UNITS	2000	1	2024-11-04
58	GNRA	SV GENERATOR	0.00	UNITS	0	1	2024-11-04
60	FPL2	1.5 STORY CHIM	2.00	UNITS	7700	1	2024-11-04
60	FPL	FIREPLCE/MET F	1.00	UNITS	1500	1	2024-11-04
62	NFP3	NONFCTG FPL3	1.00	UNITS	2300	1	2024-11-04
62	FPL	FIREPLCE/MET F	1.00	UNITS	1500	1	2024-11-04
65	FPL3	2 STORY CHIM	1.00	UNITS	4100	1	2024-11-04
65	FPLD	DELUX FIREPLAC	1.00	UNITS	9000	1	2024-11-04
68	HRTH	HEARTH-INC FLU	1.00	UNITS	1100	1	2024-11-04
76	FPL2	1.5 STORY CHIM	1.00	UNITS	4100	1	2024-11-04
76	HRTH	HEARTH-INC FLU	1.00	UNITS	1600	1	2024-11-04
77	FPL2	1.5 STORY CHIM	1.00	UNITS	3800	1	2024-11-04
78	HRTH	HEARTH-INC FLU	1.00	UNITS	1300	1	2024-11-04
80	FPL3	2 STORY CHIM	1.00	UNITS	4300	1	2024-11-04
81	FPO	EXTRA FPL OPEN	1.00	UNITS	200	1	2024-11-04
81	FPL3	2 STORY CHIM	1.00	UNITS	1000	1	2024-11-04
83	HRTH	HEARTH-INC FLU	1.00	UNITS	1500	1	2024-11-04
84	GNRB	SV GENERATOR	1.00	UNITS	7900	1	2024-11-04
86	FPL3	2 STORY CHIM	3.00	UNITS	10800	1	2024-11-04
86	NFPO	NONFNCTG FPO	4.00	UNITS	1700	1	2024-11-04
86	GNRA	SV GENERATOR	1.00	UNITS	4000	1	2024-11-04
87	HRTH	HEARTH-INC FLU	3.00	UNITS	4500	1	2024-11-04
88	FLU1	FLUE CONCRETE	1.00	UNITS	300	1	2024-11-04
89	FPL1	FIREPLACE 1 ST	1.00	UNITS	3200	1	2024-11-04
89	GNRA	SV GENERATOR	1.00	UNITS	4400	1	2024-11-04
91	FPL2	1.5 STORY CHIM	1.00	UNITS	3800	1	2024-11-04
93	FPL1	FIREPLACE 1 ST	1.00	UNITS	3600	1	2024-11-04
93	HRTA	HEARTH-FLDPR	1.00	UNITS	900	1	2024-11-04
93	GNRA	SV GENERATOR	1.00	UNITS	5000	1	2024-11-04
94	JAC	JETTUB	1.00	UNITS	1500	1	2024-11-04
95	HRTH	HEARTH-INC FLU	1.00	UNITS	1600	1	2024-11-04
99	A/C	AIR CONDITION	1596.00	S.F.	3400	1	2024-11-04
99	GNRB	SV GENERATOR	1.00	UNITS	7900	1	2024-11-04
101	A/C	AIR CONDITION	1100.00	S.F.	2100	1	2024-11-04
103	FPL3	2 STORY CHIM	1.00	UNITS	3100	1	2024-11-04
104	A/C	AIR CONDITION	4700.00	S.F.	10200	1	2024-11-04
104	GNRB	SV GENERATOR	1.00	UNITS	7900	1	2024-11-04
106	HRTH	HEARTH-INC FLU	1.00	UNITS	1400	2	2024-11-04
106	HRTH	HEARTH-INC FLU	2.00	UNITS	2600	1	2024-11-04
106	FPL1	FIREPLACE 1 ST	1.00	UNITS	2900	1	2024-11-04
106	GNRA	SV GENERATOR	2.00	UNITS	0	1	2024-11-04
107	FPL	FIREPLCE/MET F	1.00	UNITS	1000	2	2024-11-04
107	HRTH	HEARTH-INC FLU	1.00	UNITS	1300	1	2024-11-04
107	GNRB	SV GENERATOR	1.00	UNITS	7700	1	2024-11-04
118	MEZ	MEZANINE LC	1080.00	UNITS	5900	1	2024-11-04
124	LFT1	LIFT-LIGHT	2.00	UNITS	3500	2	2024-11-04
125	HRTH	HEARTH-INC FLU	1.00	UNITS	1400	1	2024-11-04
127	FPL3	2 STORY CHIM	1.00	UNITS	4300	1	2024-11-04
127	FPO	EXTRA FPL OPEN	1.00	UNITS	1000	1	2024-11-04
127	HRTH	HEARTH-INC FLU	1.00	UNITS	1500	1	2024-11-04
137	FLU2	FLUE BRICK	1.00	UNITS	500	1	2024-11-04
138	ELV1	2 STOP/PSNGR	1.00	UNITS	39600	1	2024-11-04
138	SPR1	SPRINKLERS-WET	10697.00	S.F.	23100	1	2024-11-04
139	VLT1	VAULT	48.00	S.F.	3500	1	2024-11-04
140	FPL2	1.5 STORY CHIM	2.00	UNITS	8100	1	2024-11-04
140	HRTH	HEARTH-INC FLU	1.00	UNITS	1600	1	2024-11-04
142	FLU2	FLUE BRICK	1.00	UNITS	700	1	2024-11-04
143	HRTH	HEARTH-INC FLU	1.00	UNITS	1400	1	2024-11-04
144	HRTA	HEARTH-FLDPR	1.00	UNITS	700	1	2024-11-04
152	HRTH	HEARTH-INC FLU	1.00	UNITS	1300	1	2024-11-04
161	GNRB	SV GENERATOR	1.00	UNITS	9500	1	2024-11-04
167	HRTH	HEARTH-INC FLU	1.00	UNITS	1300	1	2024-11-04
168	FPL1	FIREPLACE 1 ST	1.00	UNITS	2900	1	2024-11-04
170	FPL1	FIREPLACE 1 ST	1.00	UNITS	3600	1	2024-11-04
170	VLT1	VAULT	572.00	S.F.	60400	2	2024-11-04
170	GNRB	SV GENERATOR	1.00	UNITS	10600	2	2024-11-04
173	HRTH	HEARTH-INC FLU	1.00	UNITS	1600	1	2024-11-04
173	FPL	FIREPLCE/MET F	1.00	UNITS	1600	1	2024-11-04
173	 	 	0.00		 	1	2024-11-04
176	FPL1	FIREPLACE 1 ST	1.00	UNITS	2900	1	2024-11-04
179	HRTA	HEARTH-FLDPR	1.00	UNITS	800	1	2024-11-04
180	FPL3	2 STORY CHIM	1.00	UNITS	4100	1	2024-11-04
180	HRTA	HEARTH-FLDPR	1.00	UNITS	800	1	2024-11-04
182	HRTH	HEARTH-INC FLU	1.00	UNITS	1500	1	2024-11-04
182	ELEV	SV ELEVATOR	1.00	S.F.	18700	1	2024-11-04
182	GNRA	SV GENERATOR	1.00	UNITS	4700	1	2024-11-04
182	JAC	JETTUB	1.00	UNITS	0	1	2024-11-04
187	GNRA	SV GENERATOR	1.00	UNITS	4100	1	2024-11-04
188	HRTH	HEARTH-INC FLU	1.00	UNITS	1600	1	2024-11-04
195	FPL2	1.5 STORY CHIM	2.00	UNITS	8100	1	2024-11-04
201	HRTH	HEARTH-INC FLU	1.00	UNITS	1400	1	2024-11-04
202	FPL2	1.5 STORY CHIM	1.00	UNITS	4400	1	2024-11-04
202	GNRA	SV GENERATOR	1.00	UNITS	5300	1	2024-11-04
206	FPL	FIREPLCE/MET F	1.00	UNITS	1700	1	2024-11-04
206	GNRA	SV GENERATOR	1.00	UNITS	0	1	2024-11-04
209	HRTA	HEARTH-FLDPR	1.00	UNITS	700	1	2024-11-04
220	HRTH	HEARTH-INC FLU	1.00	UNITS	1300	1	2024-11-04
220	GNRA	SV GENERATOR	1.00	UNITS	4000	1	2024-11-04
221	HRTH	HEARTH-INC FLU	1.00	UNITS	1400	1	2024-11-04
222	HRTH	HEARTH-INC FLU	1.00	UNITS	1500	1	2024-11-04
224	FPL2	1.5 STORY CHIM	1.00	UNITS	3800	1	2024-11-04
229	HRTH	HEARTH-INC FLU	2.00	UNITS	3200	1	2024-11-04
233	HRTH	HEARTH-INC FLU	1.00	UNITS	900	1	2024-11-04
235	HRTA	HEARTH-FLDPR	1.00	UNITS	800	1	2024-11-04
236	HRTH	HEARTH-INC FLU	1.00	UNITS	1300	1	2024-11-04
248	FPL1	FIREPLACE 1 ST	1.00	UNITS	2800	1	2024-11-04
249	HRTH	HEARTH-INC FLU	1.00	UNITS	1200	1	2024-11-04
251	FPL3	2 STORY CHIM	1.00	UNITS	3800	1	2024-11-04
251	GNRA	SV GENERATOR	1.00	UNITS	4200	1	2024-11-04
253	HRTA	HEARTH-FLDPR	2.00	UNITS	1400	1	2024-11-04
254	FPL2	1.5 STORY CHIM	1.00	UNITS	4100	1	2024-11-04
254	HRTH	HEARTH-INC FLU	2.00	UNITS	3200	1	2024-11-04
255	HRTH	HEARTH-INC FLU	1.00	UNITS	1400	1	2024-11-04
257	HRTH	HEARTH-INC FLU	1.00	UNITS	1000	1	2024-11-04
258	FPL2	1.5 STORY CHIM	2.00	UNITS	6800	1	2024-11-04
259	MEZ2	FINISHED	2060.00	S.F.	23900	1	2024-11-04
259	MEZ1	MEZZANINE-UNF	683.00	S.F.	5300	1	2024-11-04
259	ELV1	2 STOP/PSNGR	2.00	UNITS	94600	1	2024-11-04
259	SPR1	SPRINKLERS-WET	13206.00	S.F.	34100	1	2024-11-04
259	GNRB	SV GENERATOR	1.00	UNITS	9500	1	2024-11-04
271	FPL1	FIREPLACE 1 ST	1.00	UNITS	3200	1	2024-11-04
279	FPL1	FIREPLACE 1 ST	1.00	UNITS	2900	1	2024-11-04
279	FPO	EXTRA FPL OPEN	1.00	UNITS	900	1	2024-11-04
287	FPL2	1.5 STORY CHIM	1.00	UNITS	3500	1	2024-11-04
287	FPO	EXTRA FPL OPEN	2.00	UNITS	1800	1	2024-11-04
287	HOTT	HOT TUB	1.00	UNITS	3000	1	2024-11-04
288	FPL1	FIREPLACE 1 ST	1.00	UNITS	2900	1	2024-11-04
290	GNRA	SV GENERATOR	1.00	UNITS	5400	1	2024-11-04
294	FPL2	1.5 STORY CHIM	3.00	UNITS	10800	1	2024-11-04
294	HRTA	HEARTH-FLDPR	1.00	UNITS	600	1	2024-11-04
299	FPL2	1.5 STORY CHIM	1.00	UNITS	2900	1	2024-11-04
300	HRTH	HEARTH-INC FLU	1.00	UNITS	1300	1	2024-11-04
301	FPL2	1.5 STORY CHIM	1.00	UNITS	3200	1	2024-11-04
301	HRTH	HEARTH-INC FLU	1.00	UNITS	1300	1	2024-11-04
306	HRTH	HEARTH-INC FLU	1.00	UNITS	1300	1	2024-11-04
307	FPL2	1.5 STORY CHIM	1.00	UNITS	4100	1	2024-11-04
307	GNRA	SV GENERATOR	1.00	UNITS	5000	1	2024-11-04
308	FPL3	2 STORY CHIM	1.00	UNITS	4000	1	2024-11-04
308	GNRA	SV GENERATOR	1.00	UNITS	4400	1	2024-11-04
309	FPL3	2 STORY CHIM	1.00	UNITS	3700	1	2024-11-04
310	FPL2	1.5 STORY CHIM	1.00	UNITS	4100	1	2024-11-04
310	FPO	EXTRA FPL OPEN	1.00	UNITS	1100	1	2024-11-04
313	FPL3	2 STORY CHIM	1.00	UNITS	4200	1	2024-11-04
313	FPO	EXTRA FPL OPEN	1.00	UNITS	1000	1	2024-11-04
316	FPL2	1.5 STORY CHIM	1.00	UNITS	3500	1	2024-11-04
316	HRTH	HEARTH-INC FLU	1.00	UNITS	1400	1	2024-11-04
317	FPL2	1.5 STORY CHIM	1.00	UNITS	4100	1	2024-11-04
319	HRTH	HEARTH-INC FLU	1.00	UNITS	1500	1	2024-11-04
319	SNA	SAUNA	1.00	S.F.	100	1	2024-11-04
321	FPL1	FIREPLACE 1 ST	1.00	UNITS	2000	1	2024-11-04
323	GNR	SM SV GENERATOR	1.00	UNITS	2300	1	2024-11-04
324	HRTH	HEARTH-INC FLU	1.00	UNITS	1600	1	2024-11-04
330	HRTH	HEARTH-INC FLU	1.00	UNITS	1200	1	2024-11-04
334	HRTH	HEARTH-INC FLU	2.00	UNITS	2800	1	2024-11-04
334	HRTA	HEARTH-FLDPR	1.00	UNITS	700	1	2024-11-04
334	FPL	FIREPLCE/MET F	1.00	UNITS	1400	1	2024-11-04
336	HRTH	HEARTH-INC FLU	1.00	UNITS	1400	1	2024-11-04
337	FPL3	2 STORY CHIM	1.00	UNITS	4400	1	2024-11-04
340	FPL3	2 STORY CHIM	1.00	UNITS	4000	1	2024-11-04
340	HRTH	HEARTH-INC FLU	1.00	UNITS	1400	1	2024-11-04
341	FPL1	FIREPLACE 1 ST	1.00	UNITS	3200	2	2024-11-04
343	FPL1	FIREPLACE 1 ST	1.00	UNITS	3000	1	2024-11-04
343	FPO	EXTRA FPL OPEN	1.00	UNITS	900	1	2024-11-04
345	FPL3	2 STORY CHIM	1.00	UNITS	4000	1	2024-11-04
345	NFPO	NONFNCTG FPO	3.00	UNITS	1400	1	2024-11-04
345	GNRA	SV GENERATOR	1.00	UNITS	4400	1	2024-11-04
346	GNRB	SV GENERATOR	1.00	UNITS	9500	1	2024-11-04
348	HRTH	HEARTH-INC FLU	1.00	UNITS	1500	1	2024-11-04
351	FPL2	1.5 STORY CHIM	1.00	UNITS	3800	1	2024-11-04
351	NFPO	NONFNCTG FPO	1.00	UNITS	500	1	2024-11-04
351	FPL1	FIREPLACE 1 ST	1.00	UNITS	3400	1	2024-11-04
359	GNRA	SV GENERATOR	1.00	UNITS	0	1	2024-11-04
361	FPL3	2 STORY CHIM	1.00	UNITS	3800	1	2024-11-04
365	FPL2	1.5 STORY CHIM	3.00	UNITS	10000	1	2024-11-04
365	FPO	EXTRA FPL OPEN	2.00	UNITS	1800	1	2024-11-04
365	HRTH	HEARTH-INC FLU	1.00	UNITS	1300	1	2024-11-04
368	FPL3	2 STORY CHIM	1.00	UNITS	4200	1	2024-11-04
369	FPL2	1.5 STORY CHIM	1.00	UNITS	3700	1	2024-11-04
371	FPL3	2 STORY CHIM	1.00	UNITS	4400	1	2024-11-04
371	FPL	FIREPLCE/MET F	1.00	UNITS	1500	1	2024-11-04
372	HRTH	HEARTH-INC FLU	1.00	UNITS	1500	1	2024-11-04
376	HRTH	HEARTH-INC FLU	3.00	UNITS	3700	1	2024-11-04
376	VLT1	VAULT	45.00	S.F.	3400	1	2024-11-04
377	FPLC	1 ST CAMP FPL	1.00	UNITS	1600	1	2024-11-04
380	FPL1	FIREPLACE 1 ST	1.00	UNITS	3200	1	2024-11-04
382	HRTH	HEARTH-INC FLU	1.00	UNITS	1400	1	2024-11-04
384	HRTH	HEARTH-INC FLU	1.00	UNITS	1100	1	2024-11-04
385	FPL1	FIREPLACE 1 ST	1.00	UNITS	3200	1	2024-11-04
385	HRTH	HEARTH-INC FLU	1.00	UNITS	1400	1	2024-11-04
391	NFPL	NONFCTG FP/MTL	1.00	UNITS	500	1	2024-11-04
392	HRTH	HEARTH-INC FLU	1.00	UNITS	1500	1	2024-11-04
392	JAC	JETTUB	1.00	UNITS	1400	1	2024-11-04
395	FPL	FIREPLCE/MET F	1.00	UNITS	1300	1	2024-11-04
395	GNRA	SV GENERATOR	1.00	UNITS	4200	1	2024-11-04
398	FPL	FIREPLCE/MET F	2.00	UNITS	3400	1	2024-11-04
398	GNRA	SV GENERATOR	1.00	UNITS	5300	1	2024-11-04
399	GNRA	SV GENERATOR	1.00	UNITS	5000	1	2024-11-04
402	FPL2	1.5 STORY CHIM	1.00	UNITS	4100	1	2024-11-04
402	FPL3	2 STORY CHIM	1.00	UNITS	4500	1	2024-11-04
402	FPO	EXTRA FPL OPEN	1.00	UNITS	1100	1	2024-11-04
402	NFPO	NONFNCTG FPO	2.00	UNITS	1100	1	2024-11-04
402	HOTT	HOT TUB	1.00	UNITS	3500	1	2024-11-04
408	HRTH	HEARTH-INC FLU	1.00	UNITS	1100	1	2024-11-04
408	SAU	SAUNA	48.00	S.F.	3900	1	2024-11-04
415	NFP2	NONFCTG FPL2	2.00	UNITS	3500	1	2024-11-04
415	FPL2	1.5 STORY CHIM	1.00	UNITS	3200	1	2024-11-04
418	FPL2	1.5 STORY CHIM	1.00	UNITS	3600	1	2024-11-04
427	FPL	FIREPLCE/MET F	1.00	UNITS	1200	1	2024-11-04
429	FPL3	2 STORY CHIM	1.00	UNITS	3800	1	2024-11-04
429	GNRA	SV GENERATOR	1.00	UNITS	4200	1	2024-11-04
435	FLU2	FLUE BRICK	1.00	UNITS	700	1	2024-11-04
437	FPL1	FIREPLACE 1 ST	1.00	UNITS	2800	1	2024-11-04
437	NFPO	NONFNCTG FPO	1.00	UNITS	400	1	2024-11-04
438	FPL3	2 STORY CHIM	1.00	UNITS	3300	1	2024-11-04
438	FPO	EXTRA FPL OPEN	1.00	UNITS	800	1	2024-11-04
441	HRTH	HEARTH-INC FLU	2.00	UNITS	3100	1	2024-11-04
441	GNRA	SV GENERATOR	1.00	UNITS	4700	1	2024-11-04
441	SHWR	EXT SHOWER	1.00	UNITS	300	1	2024-11-04
442	FPL	FIREPLCE/MET F	1.00	UNITS	1500	1	2024-11-04
446	FPL3	2 STORY CHIM	1.00	UNITS	3600	1	2024-11-04
446	FPL2	1.5 STORY CHIM	1.00	UNITS	3200	1	2024-11-04
446	FPO	EXTRA FPL OPEN	1.00	UNITS	900	1	2024-11-04
447	FPL1	FIREPLACE 1 ST	1.00	UNITS	2600	1	2024-11-04
448	FPL3	2 STORY CHIM	1.00	UNITS	4500	1	2024-11-04
448	FPO	EXTRA FPL OPEN	1.00	UNITS	1100	1	2024-11-04
450	FPL2	1.5 STORY CHIM	3.00	UNITS	10100	1	2024-11-04
450	FPL1	FIREPLACE 1 ST	1.00	UNITS	3000	1	2024-11-04
450	HOTT	HOT TUB	1.00	UNITS	2900	1	2024-11-04
454	FPL3	2 STORY CHIM	1.00	UNITS	3500	1	2024-11-04
454	HRTA	HEARTH-FLDPR	2.00	UNITS	1300	1	2024-11-04
457	FPL3	2 STORY CHIM	2.00	UNITS	8500	1	2024-11-04
457	NFPO	NONFNCTG FPO	4.00	UNITS	2000	1	2024-11-04
457	HRTH	HEARTH-INC FLU	2.00	UNITS	3100	1	2024-11-04
457	NFP3	NONFCTG FPL3	2.00	UNITS	4700	1	2024-11-04
458	HRTH	HEARTH-INC FLU	1.00	UNITS	1600	1	2024-11-04
460	FPL3	2 STORY CHIM	1.00	UNITS	4200	1	2024-11-04
460	JAC	JETTUB	1.00	UNITS	1400	1	2024-11-04
461	FPL	FIREPLCE/MET F	1.00	UNITS	1700	1	2024-11-04
461	GNRA	SV GENERATOR	1.00	UNITS	5400	1	2024-11-04
462	FPL3	2 STORY CHIM	1.00	UNITS	3800	1	2024-11-04
462	FLU2	FLUE BRICK	1.00	UNITS	600	1	2024-11-04
469	FPL3	2 STORY CHIM	1.00	UNITS	4500	1	2024-11-04
472	FPL3	2 STORY CHIM	2.00	UNITS	7900	1	2024-11-04
472	FPO	EXTRA FPL OPEN	2.00	UNITS	1900	1	2024-11-04
472	HRTH	HEARTH-INC FLU	1.00	UNITS	1400	1	2024-11-04
473	FPL3	2 STORY CHIM	1.00	UNITS	4100	1	2024-11-04
474	HRTH	HEARTH-INC FLU	1.00	UNITS	1600	1	2024-11-04
475	HRTH	HEARTH-INC FLU	1.00	UNITS	1200	1	2024-11-04
475	FPL2	1.5 STORY CHIM	1.00	UNITS	2900	1	2024-11-04
476	FPL2	1.5 STORY CHIM	1.00	UNITS	1600	1	2024-11-04
476	FPO	EXTRA FPL OPEN	1.00	UNITS	400	1	2024-11-04
476	GNRA	SV GENERATOR	1.00	UNITS	1900	1	2024-11-04
476	FPL	FIREPLCE/MET F	1.00	UNITS	1800	2	2024-11-04
479	FPL2	1.5 STORY CHIM	2.00	UNITS	8100	1	2024-11-04
479	FPO	EXTRA FPL OPEN	1.00	UNITS	1100	1	2024-11-04
480	HRTH	HEARTH-INC FLU	2.00	UNITS	2400	1	2024-11-04
480	JAC	JETTUB	1.00	UNITS	1100	1	2024-11-04
482	FPL2	1.5 STORY CHIM	1.00	UNITS	3600	1	2024-11-04
484	FPL2	1.5 STORY CHIM	2.00	UNITS	7700	1	2024-11-04
484	HRTH	HEARTH-INC FLU	1.00	UNITS	1500	1	2024-11-04
487	NFP1	NONFCTG FPL1	1.00	UNITS	1100	1	2024-11-04
487	FPL2	1.5 STORY CHIM	1.00	UNITS	2600	1	2024-11-04
488	FPL3	2 STORY CHIM	2.00	UNITS	8000	1	2024-11-04
488	NFPO	NONFNCTG FPO	2.00	UNITS	1000	1	2024-11-04
488	HRTA	HEARTH-FLDPR	1.00	UNITS	800	1	2024-11-04
490	FLU1	FLUE CONCRETE	1.00	UNITS	500	1	2024-11-04
492	HRTH	HEARTH-INC FLU	1.00	UNITS	1300	1	2024-11-04
493	FPL2	1.5 STORY CHIM	1.00	UNITS	3600	1	2024-11-04
493	FPL3	2 STORY CHIM	1.00	UNITS	4000	1	2024-11-04
494	FPL3	2 STORY CHIM	1.00	UNITS	4900	1	2024-11-04
494	GNRA	SV GENERATOR	1.00	UNITS	5300	1	2024-11-04
495	FPL3	2 STORY CHIM	1.00	UNITS	4000	1	2024-11-04
495	HRTH	HEARTH-INC FLU	1.00	UNITS	1400	1	2024-11-04
505	FPL2	1.5 STORY CHIM	2.00	UNITS	7700	1	2024-11-04
505	FPO	EXTRA FPL OPEN	1.00	UNITS	1000	1	2024-11-04
506	HRTH	HEARTH-INC FLU	1.00	UNITS	1400	1	2024-11-04
507	GNRA	SV GENERATOR	1.00	UNITS	2200	1	2024-11-04
509	FPL2	1.5 STORY CHIM	1.00	UNITS	4100	1	2024-11-04
510	FPL2	1.5 STORY CHIM	1.00	UNITS	3400	1	2024-11-04
510	FPO	EXTRA FPL OPEN	1.00	UNITS	900	1	2024-11-04
510	GNRA	SV GENERATOR	1.00	UNITS	4100	1	2024-11-04
513	HRTH	HEARTH-INC FLU	2.00	UNITS	2400	1	2024-11-04
514	HRTH	HEARTH-INC FLU	2.00	UNITS	2700	1	2024-11-04
515	HRTH	HEARTH-INC FLU	1.00	UNITS	1300	1	2024-11-04
517	NFP3	NONFCTG FPL3	1.00	UNITS	2100	1	2024-11-04
517	NFPO	NONFNCTG FPO	2.00	UNITS	900	1	2024-11-04
517	HRTH	HEARTH-INC FLU	2.00	UNITS	2700	1	2024-11-04
518	HRTH	HEARTH-INC FLU	2.00	UNITS	3100	1	2024-11-04
519	HRTA	HEARTH-FLDPR	1.00	UNITS	600	1	2024-11-04
519	FLU1	FLUE CONCRETE	1.00	UNITS	400	1	2024-11-04
522	HRTH	HEARTH-INC FLU	1.00	UNITS	1200	1	2024-11-04
527	HRTH	HEARTH-INC FLU	1.00	UNITS	1500	1	2024-11-04
530	FPL3	2 STORY CHIM	1.00	UNITS	4500	1	2024-11-04
532	HRTH	HEARTH-INC FLU	1.00	UNITS	700	1	2024-11-04
533	FPL1	FIREPLACE 1 ST	1.00	UNITS	3400	1	2024-11-04
533	GNRA	SV GENERATOR	1.00	UNITS	4700	1	2024-11-04
533	JAC	JETTUB	1.00	UNITS	1400	1	2024-11-04
537	FPL1	FIREPLACE 1 ST	1.00	UNITS	3600	1	2024-11-04
537	FPL2	1.5 STORY CHIM	1.00	UNITS	4100	1	2024-11-04
537	GNRA	SV GENERATOR	1.00	UNITS	5000	1	2024-11-04
537	JAC	JETTUB	1.00	UNITS	1500	1	2024-11-04
538	HRTH	HEARTH-INC FLU	1.00	UNITS	1600	1	2024-11-04
538	FPL1	FIREPLACE 1 ST	1.00	UNITS	3600	1	2024-11-04
538	FPL2	1.5 STORY CHIM	1.00	UNITS	4100	1	2024-11-04
538	FPO	EXTRA FPL OPEN	1.00	UNITS	1100	1	2024-11-04
538	GNRA	SV GENERATOR	1.00	UNITS	5000	1	2024-11-04
540	FPL2	1.5 STORY CHIM	1.00	UNITS	3300	1	2024-11-04
540	HRTH	HEARTH-INC FLU	1.00	UNITS	1300	1	2024-11-04
546	HRTB	HEARTH - FP	1.00	UNITS	800	1	2024-11-04
558	JAC	JETTUB	1.00	UNITS	1300	1	2024-11-04
559	FPL3	2 STORY CHIM	1.00	UNITS	3800	1	2024-11-04
559	FPO	EXTRA FPL OPEN	1.00	UNITS	900	1	2024-11-04
563	FPL2	1.5 STORY CHIM	1.00	UNITS	3600	1	2024-11-04
563	FPO	EXTRA FPL OPEN	2.00	UNITS	1900	1	2024-11-04
563	FPL1	FIREPLACE 1 ST	1.00	UNITS	3200	1	2024-11-04
564	FPL	FIREPLCE/MET F	1.00	UNITS	1600	1	2024-11-04
565	FPL2	1.5 STORY CHIM	1.00	UNITS	3300	1	2024-11-04
565	HRTH	HEARTH-INC FLU	1.00	UNITS	1300	1	2024-11-04
565	SHR1	SHOWER STALL	1.00	UNITS	700	1	2024-11-04
569	SPR1	SPRINKLERS-WET	13860.00	S.F.	26600	1	2024-11-04
569	JAC	JETTUB	6.00	UNITS	6300	1	2024-11-04
569	GNRB	SV GENERATOR	1.00	UNITS	7000	1	2024-11-04
570	FPL3	2 STORY CHIM	1.00	UNITS	1500	1	2024-11-04
571	HRTH	HEARTH-INC FLU	1.00	UNITS	1400	1	2024-11-04
572	FPL1	FIREPLACE 1 ST	1.00	UNITS	3200	1	2024-11-04
575	FPL2	1.5 STORY CHIM	1.00	UNITS	3600	1	2024-11-04
575	GNRA	SV GENERATOR	1.00	UNITS	4400	1	2024-11-04
575	FPL	FIREPLCE/MET F	1.00	UNITS	1400	1	2024-11-04
576	FPL1	FIREPLACE 1 ST	1.00	UNITS	3200	3	2024-11-04
576	FPL1	FIREPLACE 1 ST	1.00	UNITS	3600	2	2024-11-04
576	FPO	EXTRA FPL OPEN	1.00	UNITS	1100	2	2024-11-04
576	FPL2	1.5 STORY CHIM	1.00	UNITS	4100	1	2024-11-04
576	FPLD	DELUX FIREPLAC	1.00	UNITS	9900	1	2024-11-04
576	HRTH	HEARTH-INC FLU	1.00	UNITS	1600	1	2024-11-04
576	FPL1	FIREPLACE 1 ST	1.00	UNITS	3600	1	2024-11-04
578	FPL2	1.5 STORY CHIM	2.00	UNITS	7700	1	2024-11-04
578	FPO	EXTRA FPL OPEN	1.00	UNITS	1000	1	2024-11-04
579	FPL3	2 STORY CHIM	2.00	UNITS	8500	1	2024-11-04
579	FPO	EXTRA FPL OPEN	5.00	UNITS	5100	1	2024-11-04
579	FPL1	FIREPLACE 1 ST	1.00	UNITS	3400	1	2024-11-04
584	FPL2	1.5 STORY CHIM	1.00	UNITS	3200	1	2024-11-04
584	FPL3	2 STORY CHIM	1.00	UNITS	3600	1	2024-11-04
584	FPO	EXTRA FPL OPEN	1.00	UNITS	900	1	2024-11-04
593	HRTH	HEARTH-INC FLU	1.00	UNITS	1200	1	2024-11-04
593	GNRA	SV GENERATOR	1.00	UNITS	3700	1	2024-11-04
594	FPL1	FIREPLACE 1 ST	1.00	UNITS	3400	1	2024-11-04
594	HRTH	HEARTH-INC FLU	1.00	UNITS	1500	1	2024-11-04
594	GNRA	SV GENERATOR	1.00	UNITS	4700	1	2024-11-04
597	FPL	FIREPLCE/MET F	1.00	UNITS	1600	1	2024-11-04
605	HRTH	HEARTH-INC FLU	1.00	UNITS	1500	1	2024-11-04
607	FPL1	FIREPLACE 1 ST	1.00	UNITS	2600	1	2024-11-04
611	FPL	FIREPLCE/MET F	1.00	UNITS	1700	1	2024-11-04
611	FPL3	2 STORY CHIM	1.00	UNITS	4800	1	2024-11-04
611	GNRA	SV GENERATOR	1.00	UNITS	5300	1	2024-11-04
616	FPL1	FIREPLACE 1 ST	1.00	UNITS	3000	1	2024-11-04
616	GNRA	SV GENERATOR	1.00	UNITS	0	1	2024-11-04
621	FPL1	FIREPLACE 1 ST	1.00	UNITS	2900	1	2024-11-04
625	FPL2	1.5 STORY CHIM	1.00	UNITS	4100	1	2024-11-04
626	FPL3	2 STORY CHIM	1.00	UNITS	4000	1	2024-11-04
638	FPL1	FIREPLACE 1 ST	1.00	UNITS	2800	2	2024-11-04
638	HRTH	HEARTH-INC FLU	1.00	UNITS	1300	2	2024-11-04
638	FPL1	FIREPLACE 1 ST	1.00	UNITS	3000	1	2024-11-04
639	FPL3	2 STORY CHIM	1.00	UNITS	4600	1	2024-11-04
639	FPL	FIREPLCE/MET F	2.00	UNITS	3200	1	2024-11-04
639	GNRA	SV GENERATOR	1.00	UNITS	5000	1	2024-11-04
639	SHWR	EXT SHOWER	1.00	UNITS	400	1	2024-11-04
639	HOTT	HOT TUB	1.00	UNITS	3500	1	2024-11-04
645	FPL2	1.5 STORY CHIM	1.00	UNITS	3600	1	2024-11-04
645	HRTH	HEARTH-INC FLU	2.00	UNITS	2900	1	2024-11-04
647	FPLC	1 ST CAMP FPL	1.00	UNITS	1400	1	2024-11-04
648	FPL	FIREPLCE/MET F	2.00	UNITS	3200	1	2024-11-04
649	FPL	FIREPLCE/MET F	2.00	UNITS	2700	1	2024-11-04
649	JAC	JETTUB	1.00	UNITS	1300	1	2024-11-04
651	HRTH	HEARTH-INC FLU	1.00	UNITS	1400	1	2024-11-04
651	HRTH	HEARTH-INC FLU	1.00	UNITS	1400	2	2024-11-04
652	FPLC	1 ST CAMP FPL	1.00	UNITS	1800	1	2024-11-04
655	HRTH	HEARTH-INC FLU	1.00	UNITS	1600	1	2024-11-04
655	SNA	SAUNA	24.00	S.F.	2700	1	2024-11-04
664	FPLC	1 ST CAMP FPL	1.00	UNITS	2300	1	2024-11-04
667	FPLC	1 ST CAMP FPL	1.00	UNITS	1800	1	2024-11-04
673	FPLC	1 ST CAMP FPL	1.00	UNITS	2000	1	2024-11-04
689	HRTH	HEARTH-INC FLU	3.00	UNITS	3500	1	2024-11-04
689	GNRA	SV GENERATOR	1.00	UNITS	3600	1	2024-11-04
690	FPL3	2 STORY CHIM	1.00	UNITS	4600	1	2024-11-04
690	HOTT	HOT TUB	1.00	UNITS	3500	1	2024-11-04
691	FPL2	1.5 STORY CHIM	1.00	UNITS	3800	1	2024-11-04
692	FPL2	1.5 STORY CHIM	1.00	UNITS	4100	1	2024-11-04
692	HRTA	HEARTH-FLDPR	1.00	UNITS	900	1	2024-11-04
694	FPL1	FIREPLACE 1 ST	1.00	UNITS	2900	1	2024-11-04
694	FPO	EXTRA FPL OPEN	1.00	UNITS	900	1	2024-11-04
696	FLU2	FLUE BRICK	1.00	UNITS	700	1	2024-11-04
697	FLU2	FLUE BRICK	1.00	UNITS	600	1	2024-11-04
697	FPL2	1.5 STORY CHIM	1.00	UNITS	3500	1	2024-11-04
698	HRTH	HEARTH-INC FLU	2.00	UNITS	3200	1	2024-11-04
701	HRTH	HEARTH-INC FLU	1.00	UNITS	1200	1	2024-11-04
702	HRTH	HEARTH-INC FLU	1.00	UNITS	1300	1	2024-11-04
703	FLU1	FLUE CONCRETE	1.00	UNITS	300	1	2024-11-04
706	HRTH	HEARTH-INC FLU	1.00	UNITS	1400	1	2024-11-04
707	HRTH	HEARTH-INC FLU	1.00	UNITS	1300	1	2024-11-04
708	HRTH	HEARTH-INC FLU	1.00	UNITS	1300	1	2024-11-04
719	FPL2	1.5 STORY CHIM	1.00	UNITS	3600	1	2024-11-04
719	FPO	EXTRA FPL OPEN	2.00	UNITS	1900	1	2024-11-04
719	HRTA	HEARTH-FLDPR	1.00	UNITS	800	1	2024-11-04
723	FPL1	FIREPLACE 1 ST	1.00	UNITS	2900	1	2024-11-04
725	FPL2	1.5 STORY CHIM	1.00	UNITS	3800	1	2024-11-04
725	FPO	EXTRA FPL OPEN	2.00	UNITS	2000	1	2024-11-04
734	FPL2	1.5 STORY CHIM	1.00	UNITS	3700	1	2024-11-04
736	FPL3	2 STORY CHIM	2.00	UNITS	8700	1	2024-11-04
737	FPL	FIREPLCE/MET F	1.00	UNITS	1500	1	2024-11-04
737	FPL3	2 STORY CHIM	1.00	UNITS	4300	1	2024-11-04
737	FPL1	FIREPLACE 1 ST	1.00	UNITS	3400	1	2024-11-04
737	GENR	SV GENERATOR >20KW	1.00	UNITS	14000	1	2024-11-04
738	FPL	FIREPLCE/MET F	1.00	UNITS	1400	1	2024-11-04
739	FPL	FIREPLCE/MET F	1.00	UNITS	1500	1	2024-11-04
740	FLU1	FLUE CONCRETE	1.00	UNITS	500	2	2024-11-04
740	FPLD	DELUX FIREPLAC	1.00	UNITS	8900	1	2024-11-04
740	HRTH	HEARTH-INC FLU	1.00	UNITS	1500	1	2024-11-04
741	FPL2	1.5 STORY CHIM	1.00	UNITS	3000	1	2024-11-04
742	FPL2	1.5 STORY CHIM	1.00	UNITS	3600	1	2024-11-04
743	FPL2	1.5 STORY CHIM	1.00	UNITS	3300	1	2024-11-04
743	HRTH	HEARTH-INC FLU	1.00	UNITS	1300	1	2024-11-04
744	FPL2	1.5 STORY CHIM	1.00	UNITS	2700	1	2024-11-04
744	FPO	EXTRA FPL OPEN	1.00	UNITS	700	1	2024-11-04
744	GNRA	SV GENERATOR	1.00	UNITS	3300	1	2024-11-04
746	FPLD	DELUX FIREPLAC	1.00	UNITS	8500	1	2024-11-04
746	FPL1	FIREPLACE 1 ST	1.00	UNITS	3100	1	2024-11-04
748	HRTH	HEARTH-INC FLU	1.00	UNITS	1400	1	2024-11-04
748	FPL1	FIREPLACE 1 ST	1.00	UNITS	3200	1	2024-11-04
748	GNRA	SV GENERATOR	1.00	UNITS	4300	1	2024-11-04
749	FPL2	1.5 STORY CHIM	1.00	UNITS	3600	1	2024-11-04
749	GNRA	SV GENERATOR	1.00	UNITS	4500	1	2024-11-04
750	FPL3	2 STORY CHIM	2.00	UNITS	7700	1	2024-11-04
750	FPO	EXTRA FPL OPEN	1.00	UNITS	900	1	2024-11-04
750	SAU	SAUNA	64.00	S.F.	6400	1	2024-11-04
751	FPL2	1.5 STORY CHIM	1.00	UNITS	3500	1	2024-11-04
751	SHR1	SHOWER STALL	1.00	UNITS	800	1	2024-11-04
752	FPL2	1.5 STORY CHIM	1.00	UNITS	3800	1	2024-11-04
753	FPL2	1.5 STORY CHIM	1.00	UNITS	3600	1	2024-11-04
753	FPO	EXTRA FPL OPEN	1.00	UNITS	900	1	2024-11-04
753	GNRA	SV GENERATOR	1.00	UNITS	4300	1	2024-11-04
754	FPL1	FIREPLACE 1 ST	1.00	UNITS	3400	1	2024-11-04
754	FPO	EXTRA FPL OPEN	1.00	UNITS	1000	1	2024-11-04
754	FPL2	1.5 STORY CHIM	1.00	UNITS	3800	1	2024-11-04
754	SNA	SAUNA	36.00	S.F.	3900	1	2024-11-04
754	GNRA	SV GENERATOR	1.00	UNITS	4600	1	2024-11-04
755	HRTH	HEARTH-INC FLU	1.00	UNITS	1400	1	2024-11-04
756	FPL2	1.5 STORY CHIM	1.00	UNITS	3900	1	2024-11-04
756	GNRA	SV GENERATOR	1.00	UNITS	4800	1	2024-11-04
759	FPL1	FIREPLACE 1 ST	1.00	UNITS	2700	1	2024-11-04
759	GNR	SM SV GENERATOR	1.00	UNITS	1800	1	2024-11-04
765	FPL2	1.5 STORY CHIM	1.00	UNITS	3800	1	2024-11-04
765	HRTH	HEARTH-INC FLU	1.00	UNITS	1500	1	2024-11-04
768	HRTH	HEARTH-INC FLU	1.00	UNITS	1300	1	2024-11-04
768	GNRB	SV GENERATOR	1.00	UNITS	7900	1	2024-11-04
768	VLT1	VAULT	143.00	S.F.	11300	1	2024-11-04
771	GNRA	SV GENERATOR	1.00	UNITS	4800	1	2024-11-04
772	FPL2	1.5 STORY CHIM	2.00	UNITS	7200	1	2024-11-04
775	HRTH	HEARTH-INC FLU	1.00	UNITS	1300	1	2024-11-04
782	FPL3	2 STORY CHIM	1.00	UNITS	4200	2	2024-11-04
782	FPO	EXTRA FPL OPEN	1.00	UNITS	1000	2	2024-11-04
782	POOL	POOL	1.00	UNITS	19100	2	2024-11-04
783	HRTH	HEARTH-INC FLU	1.00	UNITS	1300	1	2024-11-04
785	HRTH	HEARTH-INC FLU	1.00	UNITS	1600	2	2024-11-04
785	FPL1	FIREPLACE 1 ST	1.00	UNITS	3200	1	2024-11-04
785	GNRA	SV GENERATOR	1.00	UNITS	4400	1	2024-11-04
785	JAC	JETTUB	1.00	UNITS	1300	1	2024-11-04
786	FPL3	2 STORY CHIM	1.00	UNITS	4000	1	2024-11-04
786	HRTH	HEARTH-INC FLU	1.00	UNITS	1400	1	2024-11-04
787	FPL1	FIREPLACE 1 ST	1.00	UNITS	3400	2	2024-11-04
787	HRTH	HEARTH-INC FLU	1.00	UNITS	1400	1	2024-11-04
788	FPL2	1.5 STORY CHIM	1.00	UNITS	3200	1	2024-11-04
789	FPL	FIREPLCE/MET F	1.00	UNITS	1200	1	2024-11-04
789	HRTH	HEARTH-INC FLU	1.00	UNITS	1200	1	2024-11-04
792	FPL2	1.5 STORY CHIM	1.00	UNITS	3800	1	2024-11-04
792	FLU2	FLUE BRICK	1.00	UNITS	700	1	2024-11-04
792	GNRA	SV GENERATOR	1.00	UNITS	4700	1	2024-11-04
795	HRTH	HEARTH-INC FLU	1.00	UNITS	1400	1	2024-11-04
797	FPL2	1.5 STORY CHIM	1.00	UNITS	4000	1	2024-11-04
797	HRTH	HEARTH-INC FLU	1.00	UNITS	1600	1	2024-11-04
797	NFP2	NONFCTG FPL2	2.00	UNITS	4300	1	2024-11-04
799	FPL2	1.5 STORY CHIM	2.00	UNITS	8100	1	2024-11-04
800	FPL	FIREPLCE/MET F	3.00	UNITS	4700	1	2024-11-04
801	FPL2	1.5 STORY CHIM	1.00	UNITS	3600	1	2024-11-04
801	HRTH	HEARTH-INC FLU	1.00	UNITS	1400	1	2024-11-04
804	FPL3	2 STORY CHIM	1.00	UNITS	3600	1	2024-11-04
804	NFPO	NONFNCTG FPO	2.00	UNITS	900	1	2024-11-04
804	GNRA	SV GENERATOR	1.00	UNITS	4000	1	2024-11-04
806	FPL3	2 STORY CHIM	1.00	UNITS	4500	1	2024-11-04
806	HRTH	HEARTH-INC FLU	1.00	UNITS	1600	1	2024-11-04
808	FPL2	1.5 STORY CHIM	1.00	UNITS	3400	1	2024-11-04
809	FPL2	1.5 STORY CHIM	1.00	UNITS	3200	1	2024-11-04
809	GNRA	SV GENERATOR	1.00	UNITS	4000	1	2024-11-04
810	FPL3	2 STORY CHIM	1.00	UNITS	4500	1	2024-11-04
810	FPO	EXTRA FPL OPEN	1.00	UNITS	1100	1	2024-11-04
810	GNRA	SV GENERATOR	1.00	UNITS	5000	1	2024-11-04
812	FPL3	2 STORY CHIM	1.00	UNITS	3500	1	2024-11-04
812	HRTH	HEARTH-INC FLU	1.00	UNITS	1200	1	2024-11-04
812	GNRA	SV GENERATOR	1.00	UNITS	3800	1	2024-11-04
814	HRTH	HEARTH-INC FLU	1.00	UNITS	1700	1	2024-11-04
815	GNRA	SV GENERATOR	1.00	UNITS	3300	2	2024-11-04
815	HRTH	HEARTH-INC FLU	1.00	UNITS	1200	1	2024-11-04
815	GNRA	SV GENERATOR	1.00	UNITS	3600	1	2024-11-04
816	HRTH	HEARTH-INC FLU	1.00	UNITS	1500	2	2024-11-04
816	HRTH	HEARTH-INC FLU	2.00	UNITS	2400	1	2024-11-04
816	GNRA	SV GENERATOR	1.00	UNITS	3700	1	2024-11-04
820	FPL2	1.5 STORY CHIM	1.00	UNITS	4000	1	2024-11-04
820	FPO	EXTRA FPL OPEN	1.00	UNITS	1100	1	2024-11-04
820	FPL1	FIREPLACE 1 ST	1.00	UNITS	3600	1	2024-11-04
820	GNRA	SV GENERATOR	1.00	UNITS	4900	1	2024-11-04
826	FPL3	2 STORY CHIM	1.00	UNITS	3600	1	2024-11-04
826	SPR2	WET/CONCEALED	1843.00	S.F.	4600	1	2024-11-04
826	GNRA	SV GENERATOR	1.00	UNITS	4000	1	2024-11-04
827	FPL2	1.5 STORY CHIM	2.00	UNITS	7700	1	2024-11-04
827	FPO	EXTRA FPL OPEN	1.00	UNITS	1000	1	2024-11-04
827	HRTH	HEARTH-INC FLU	1.00	UNITS	1500	1	2024-11-04
827	GNRA	SV GENERATOR	1.00	UNITS	4700	1	2024-11-04
827	SHR1	SHOWER STALL	1.00	UNITS	900	1	2024-11-04
829	FPL1	FIREPLACE 1 ST	1.00	UNITS	2600	1	2024-11-04
829	GNRA	SV GENERATOR	1.00	UNITS	0	1	2024-11-04
831	FPL3	2 STORY CHIM	1.00	UNITS	4000	1	2024-11-04
831	FPLC	1 ST CAMP FPL	1.00	UNITS	2000	2	2024-11-04
831	FPO	EXTRA FPL OPEN	1.00	UNITS	900	1	2024-11-04
831	FPL1	FIREPLACE 1 ST	2.00	UNITS	6300	1	2024-11-04
831	FPLC	1 ST CAMP FPL	2.00	UNITS	4000	3	2024-11-04
831	GNRA	SV GENERATOR	1.00	UNITS	4300	1	2024-11-04
831	SHR1	SHOWER STALL	1.00	UNITS	700	2	2024-11-04
833	FPL	FIREPLCE/MET F	1.00	UNITS	800	2	2024-11-04
833	FPL3	2 STORY CHIM	1.00	UNITS	3600	1	2024-11-04
833	HOTT	HOT TUB	1.00	UNITS	2800	1	2024-11-04
834	HRTH	HEARTH-INC FLU	1.00	UNITS	1400	1	2024-11-04
837	FPL3	2 STORY CHIM	2.00	UNITS	7500	1	2024-11-04
837	FPLC	1 ST CAMP FPL	1.00	UNITS	300	2	2024-11-04
837	NFPO	NONFNCTG FPO	1.00	UNITS	500	1	2024-11-04
839	HRTH	HEARTH-INC FLU	2.00	UNITS	2900	1	2024-11-04
842	FPL1	FIREPLACE 1 ST	1.00	UNITS	2800	1	2024-11-04
842	HRTH	HEARTH-INC FLU	1.00	UNITS	1300	1	2024-11-04
842	FLU1	FLUE CONCRETE	1.00	UNITS	400	1	2024-11-04
845	HRTH	HEARTH-INC FLU	1.00	UNITS	1400	1	2024-11-04
850	FPLC	1 ST CAMP FPL	1.00	UNITS	1800	1	2024-11-04
852	FPLC	1 ST CAMP FPL	1.00	UNITS	2000	1	2024-11-04
852	GNRA	SV GENERATOR	1.00	UNITS	3900	1	2024-11-04
853	HRTH	HEARTH-INC FLU	1.00	UNITS	1500	1	2024-11-04
853	GNRA	SV GENERATOR	1.00	UNITS	4500	1	2024-11-04
855	FLU1	FLUE CONCRETE	1.00	UNITS	500	1	2024-11-04
861	HRTH	HEARTH-INC FLU	1.00	UNITS	1400	1	2024-11-04
861	HOTT	HOT TUB	1.00	UNITS	2900	1	2024-11-04
862	SPR2	WET/CONCEALED	7281.00	S.F.	17300	1	2024-11-04
862	WHL	WHIRLPOOL	64.00	SF	1500	1	2024-11-04
862	WHL	WHIRLPOOL	80.00	SF	1900	1	2024-11-04
865	FPLD	DELUX FIREPLAC	1.00	UNITS	8300	1	2024-11-04
865	FPO	EXTRA FPL OPEN	2.00	UNITS	1800	1	2024-11-04
867	FPL1	FIREPLACE 1 ST	1.00	UNITS	3600	1	2024-11-04
868	HRTH	HEARTH-INC FLU	1.00	UNITS	1400	1	2024-11-04
871	FPL1	FIREPLACE 1 ST	2.00	UNITS	6000	1	2024-11-04
871	FPO	EXTRA FPL OPEN	1.00	UNITS	900	1	2024-11-04
871	JAC	JETTUB	1.00	UNITS	1200	1	2024-11-04
872	FPL2	1.5 STORY CHIM	1.00	UNITS	3200	1	2024-11-04
872	FPO	EXTRA FPL OPEN	1.00	UNITS	900	1	2024-11-04
872	HRTA	HEARTH-FLDPR	1.00	UNITS	700	1	2024-11-04
873	FPL2	1.5 STORY CHIM	2.00	UNITS	7700	1	2024-11-04
873	FPO	EXTRA FPL OPEN	1.00	UNITS	1000	1	2024-11-04
873	SHWR	EXT SHOWER	1.00	UNITS	300	1	2024-11-04
875	FPL2	1.5 STORY CHIM	1.00	UNITS	3800	1	2024-11-04
875	FPL	FIREPLCE/MET F	1.00	UNITS	1500	1	2024-11-04
875	JAC	JETTUB	1.00	UNITS	1400	1	2024-11-04
876	HRTH	HEARTH-INC FLU	2.00	UNITS	2700	1	2024-11-04
876	GNRA	SV GENERATOR	1.00	UNITS	4100	1	2024-11-04
876	SHWR	EXT SHOWER	1.00	UNITS	300	1	2024-11-04
877	FPL2	1.5 STORY CHIM	1.00	UNITS	3200	1	2024-11-04
877	GNRA	SV GENERATOR	1.00	UNITS	4000	1	2024-11-04
878	FPL1	FIREPLACE 1 ST	1.00	UNITS	3000	1	2024-11-04
878	FPO	EXTRA FPL OPEN	1.00	UNITS	900	1	2024-11-04
879	FPL2	1.5 STORY CHIM	1.00	UNITS	3200	1	2024-11-04
880	HRTH	HEARTH-INC FLU	1.00	UNITS	1700	1	2024-11-04
880	GNRA	SV GENERATOR	1.00	UNITS	5300	1	2024-11-04
881	FPL2	1.5 STORY CHIM	1.00	UNITS	3900	1	2024-11-04
881	HRTH	HEARTH-INC FLU	2.00	UNITS	3100	1	2024-11-04
881	SNA	SAUNA	54.00	S.F.	6100	1	2024-11-04
881	POOL	POOL	1.00	UNITS	11500	1	2024-11-04
881	GNRA	SV GENERATOR	1.00	UNITS	4800	1	2024-11-04
883	FLU1	FLUE CONCRETE	1.00	UNITS	400	1	2024-11-04
884	FPL3	2 STORY CHIM	1.00	UNITS	4300	1	2024-11-04
887	FPL1	FIREPLACE 1 ST	1.00	UNITS	3600	1	2024-11-04
887	HRTH	HEARTH-INC FLU	1.00	UNITS	1600	1	2024-11-04
891	FPL3	2 STORY CHIM	1.00	UNITS	3900	1	2024-11-04
891	FPO	EXTRA FPL OPEN	1.00	UNITS	900	1	2024-11-04
891	GNRA	SV GENERATOR	1.00	UNITS	4200	1	2024-11-04
895	FPL3	2 STORY CHIM	1.00	UNITS	4500	1	2024-11-04
895	GNRA	SV GENERATOR	1.00	UNITS	5000	1	2024-11-04
896	FPL3	2 STORY CHIM	2.00	UNITS	9000	1	2024-11-04
896	FPO	EXTRA FPL OPEN	1.00	UNITS	1100	1	2024-11-04
896	GNRA	SV GENERATOR	1.00	UNITS	5000	1	2024-11-04
899	FPL2	1.5 STORY CHIM	1.00	UNITS	2800	1	2024-11-04
899	FPO	EXTRA FPL OPEN	2.00	UNITS	1500	1	2024-11-04
899	FPLD	DELUX FIREPLAC	1.00	UNITS	6800	1	2024-11-04
899	GNRA	SV GENERATOR	2.00	UNITS	6800	1	2024-11-04
900	FPLD	DELUX FIREPLAC	1.00	UNITS	8000	1	2024-11-04
900	FPO	EXTRA FPL OPEN	2.00	UNITS	1800	1	2024-11-04
900	GNRA	SV GENERATOR	1.00	UNITS	4200	2	2024-11-04
900	HOTT	HOT TUB	1.00	UNITS	2800	1	2024-11-04
901	HRTH	HEARTH-INC FLU	1.00	UNITS	1300	1	2024-11-04
909	FPL2	1.5 STORY CHIM	1.00	UNITS	4100	1	2024-11-04
909	GNRA	SV GENERATOR	1.00	UNITS	5000	1	2024-11-04
910	GNRA	SV GENERATOR	1.00	UNITS	4200	1	2024-11-04
911	FPL2	1.5 STORY CHIM	1.00	UNITS	3800	1	2024-11-04
911	FPO	EXTRA FPL OPEN	2.00	UNITS	2000	1	2024-11-04
913	FLU2	FLUE BRICK	2.00	UNITS	1700	1	2024-11-04
916	HRTH	HEARTH-INC FLU	2.00	UNITS	2600	1	2024-11-04
916	FLU1	FLUE CONCRETE	1.00	UNITS	400	1	2024-11-04
920	NFP1	NONFCTG FPL1	1.00	UNITS	1600	1	2024-11-04
923	FLU1	FLUE CONCRETE	1.00	UNITS	200	2	2024-11-04
935	FPLD	DELUX FIREPLAC	1.00	UNITS	8700	1	2024-11-04
935	GNRA	SV GENERATOR	1.00	UNITS	4300	1	2024-11-04
939	FPL2	1.5 STORY CHIM	1.00	UNITS	3800	1	2024-11-04
939	HRTH	HEARTH-INC FLU	1.00	UNITS	1600	3	2024-11-04
940	HRTA	HEARTH-FLDPR	1.00	UNITS	900	1	2024-11-04
940	GNRA	SV GENERATOR	1.00	UNITS	5300	1	2024-11-04
940	SHWR	EXT SHOWER	1.00	UNITS	400	1	2024-11-04
942	HRTA	HEARTH-FLDPR	1.00	UNITS	800	1	2024-11-04
942	GNRA	SV GENERATOR	1.00	UNITS	4300	1	2024-11-04
943	GNRA	SV GENERATOR	1.00	UNITS	4900	1	2024-11-04
944	HRTH	HEARTH-INC FLU	1.00	UNITS	1300	1	2024-11-04
944	GNRA	SV GENERATOR	1.00	UNITS	3900	1	2024-11-04
947	FPL2	1.5 STORY CHIM	1.00	UNITS	3800	1	2024-11-04
947	FPL3	2 STORY CHIM	1.00	UNITS	4300	1	2024-11-04
949	FPL1	FIREPLACE 1 ST	1.00	UNITS	3000	1	2024-11-04
949	FPO	EXTRA FPL OPEN	2.00	UNITS	1800	1	2024-11-04
949	FPL2	1.5 STORY CHIM	1.00	UNITS	3400	1	2024-11-04
951	FLU2	FLUE BRICK	1.00	UNITS	800	1	2024-11-04
952	FLU1	FLUE CONCRETE	1.00	UNITS	300	1	2024-11-04
952	HRTH	HEARTH-INC FLU	1.00	UNITS	1000	1	2024-11-04
953	FPL1	FIREPLACE 1 ST	1.00	UNITS	3600	1	2024-11-04
953	GNRA	SV GENERATOR	1.00	UNITS	5000	1	2024-11-04
954	HRTH	HEARTH-INC FLU	1.00	UNITS	1300	1	2024-11-04
954	FLU1	FLUE CONCRETE	1.00	UNITS	400	1	2024-11-04
955	HRTH	HEARTH-INC FLU	1.00	UNITS	1200	1	2024-11-04
955	FLU2	FLUE BRICK	1.00	UNITS	600	1	2024-11-04
959	FPL	FIREPLCE/MET F	0.00	UNITS	0	1	2024-11-04
960	HRTH	HEARTH-INC FLU	1.00	UNITS	1300	1	2024-11-04
962	HRTH	HEARTH-INC FLU	1.00	UNITS	1500	1	2024-11-04
962	GNRA	SV GENERATOR	1.00	UNITS	4700	1	2024-11-04
965	SPR2	WET/CONCEALED	600.00	S.F.	1600	1	2024-11-04
965	SPR1	SPRINKLERS-WET	312.00	S.F.	700	1	2024-11-04
965	GNRA	SV GENERATOR	1.00	UNITS	4100	1	2024-11-04
966	FPL2	1.5 STORY CHIM	1.00	UNITS	4100	1	2024-11-04
971	HRTH	HEARTH-INC FLU	1.00	UNITS	1400	1	2024-11-04
973	HRTH	HEARTH-INC FLU	1.00	UNITS	1300	1	2024-11-04
973	GNRA	SV GENERATOR	1.00	UNITS	4000	1	2024-11-04
974	FPL2	1.5 STORY CHIM	1.00	UNITS	3400	1	2024-11-04
974	FPO	EXTRA FPL OPEN	1.00	UNITS	900	1	2024-11-04
974	GNRA	SV GENERATOR	1.00	UNITS	4200	1	2024-11-04
976	FPL2	1.5 STORY CHIM	1.00	UNITS	3400	1	2024-11-04
977	FPL2	1.5 STORY CHIM	1.00	UNITS	4000	1	2024-11-04
977	HRTH	HEARTH-INC FLU	1.00	UNITS	1600	1	2024-11-04
977	GNRA	SV GENERATOR	1.00	UNITS	4800	1	2024-11-04
982	FPL1	FIREPLACE 1 ST	1.00	UNITS	2600	1	2024-11-04
986	HRTH	HEARTH-INC FLU	1.00	UNITS	1300	1	2024-11-04
987	FLU2	FLUE BRICK	1.00	UNITS	600	1	2024-11-04
987	HRTA	HEARTH-FLDPR	1.00	UNITS	700	1	2024-11-04
991	FLU1	FLUE CONCRETE	1.00	UNITS	400	1	2024-11-04
997	FPL2	1.5 STORY CHIM	1.00	UNITS	3600	1	2024-11-04
997	ELC1	ELEC CAR CHRGR	1.00	UNITS	1300	1	2024-11-04
997	GNRA	SV GENERATOR	1.00	UNITS	4300	1	2024-11-04
998	FPL2	1.5 STORY CHIM	1.00	UNITS	3700	1	2024-11-04
998	HRTH	HEARTH-INC FLU	1.00	UNITS	1500	1	2024-11-04
998	GNRA	SV GENERATOR	1.00	UNITS	4600	1	2024-11-04
998	SHR1	SHOWER STALL	1.00	UNITS	800	1	2024-11-04
1003	FLU2	FLUE BRICK	1.00	UNITS	600	1	2024-11-04
1004	HRTH	HEARTH-INC FLU	2.00	UNITS	3100	1	2024-11-04
1004	FPL3	2 STORY CHIM	1.00	UNITS	4300	1	2024-11-04
1005	FPL	FIREPLCE/MET F	1.00	UNITS	1300	2	2024-11-04
1005	HRTH	HEARTH-INC FLU	1.00	UNITS	1400	1	2024-11-04
1006	GNRA	SV GENERATOR	1.00	UNITS	4400	1	2024-11-04
1016	HRTH	HEARTH-INC FLU	1.00	UNITS	1200	1	2024-11-04
1018	FLU1	FLUE CONCRETE	1.00	UNITS	300	1	2024-11-04
1020	FLU1	FLUE CONCRETE	1.00	UNITS	400	1	2024-11-04
1024	HRTH	HEARTH-INC FLU	1.00	UNITS	1200	1	2024-11-04
1025	HRTH	HEARTH-INC FLU	1.00	UNITS	1300	1	2024-11-04
1026	FPL2	1.5 STORY CHIM	1.00	UNITS	3000	1	2024-11-04
1026	HRTH	HEARTH-INC FLU	1.00	UNITS	1200	1	2024-11-04
1030	FPL1	FIREPLACE 1 ST	1.00	UNITS	3200	1	2024-11-04
1030	HRTH	HEARTH-INC FLU	1.00	UNITS	1400	1	2024-11-04
1030	GNRA	SV GENERATOR	1.00	UNITS	4300	1	2024-11-04
1031	HRTH	HEARTH-INC FLU	1.00	UNITS	1200	1	2024-11-04
1031	FPL1	FIREPLACE 1 ST	1.00	UNITS	2700	1	2024-11-04
1033	HRTH	HEARTH-INC FLU	1.00	UNITS	1300	1	2024-11-04
1033	GNRA	SV GENERATOR	1.00	UNITS	4000	1	2024-11-04
1035	HRTH	HEARTH-INC FLU	1.00	UNITS	1100	1	2024-11-04
1037	FLU1	FLUE CONCRETE	1.00	UNITS	200	1	2024-11-04
1038	HRTA	HEARTH-FLDPR	1.00	UNITS	700	1	2024-11-04
1040	FPL2	1.5 STORY CHIM	1.00	UNITS	3800	1	2024-11-04
1041	HRTH	HEARTH-INC FLU	1.00	UNITS	1400	1	2024-11-04
1041	FPL3	2 STORY CHIM	1.00	UNITS	4000	1	2024-11-04
1042	GNRA	SV GENERATOR	1.00	UNITS	4700	1	2024-11-04
1052	FPL2	1.5 STORY CHIM	1.00	UNITS	3200	1	2024-11-04
1052	GNRA	SV GENERATOR	1.00	UNITS	4000	1	2024-11-04
1053	FPL2	1.5 STORY CHIM	3.00	UNITS	11500	1	2024-11-04
1053	NFP2	NONFCTG FPL2	2.00	UNITS	4100	1	2024-11-04
1053	FPO	EXTRA FPL OPEN	2.00	UNITS	2000	1	2024-11-04
1054	FPLD	DELUX FIREPLAC	1.00	UNITS	9700	1	2024-11-04
1054	GNRA	SV GENERATOR	1.00	UNITS	0	1	2024-11-04
1054	JAC	JETTUB	1.00	UNITS	1500	1	2024-11-04
1054	KTH1	EXTRA KITCHEN	1.00	UNITS	2200	1	2024-11-04
1060	FPL3	2 STORY CHIM	1.00	UNITS	4400	1	2024-11-04
1060	FPO	EXTRA FPL OPEN	3.00	UNITS	3100	1	2024-11-04
1064	FPL3	2 STORY CHIM	1.00	UNITS	4300	1	2024-11-04
1064	FPL1	FIREPLACE 1 ST	1.00	UNITS	3400	1	2024-11-04
1064	GNRA	SV GENERATOR	1.00	UNITS	4700	1	2024-11-04
1068	FPL3	2 STORY CHIM	1.00	UNITS	4200	1	2024-11-04
1068	FPO	EXTRA FPL OPEN	1.00	UNITS	1000	1	2024-11-04
1068	FPL2	1.5 STORY CHIM	1.00	UNITS	3700	1	2024-11-04
1070	HRTH	HEARTH-INC FLU	1.00	UNITS	1400	1	2024-11-04
1071	FPL	FIREPLCE/MET F	2.00	UNITS	3300	1	2024-11-04
1078	FPL1	FIREPLACE 1 ST	1.00	UNITS	3200	1	2024-11-04
1078	HRTH	HEARTH-INC FLU	1.00	UNITS	1400	1	2024-11-04
1078	GNRA	SV GENERATOR	1.00	UNITS	4300	1	2024-11-04
1082	FPLC	1 ST CAMP FPL	1.00	UNITS	1800	1	2024-11-04
1091	HRTA	HEARTH-FLDPR	1.00	UNITS	600	1	2024-11-04
1092	HRTH	HEARTH-INC FLU	1.00	UNITS	1600	1	2024-11-04
1092	FPL2	1.5 STORY CHIM	1.00	UNITS	4100	1	2024-11-04
1094	HRTH	HEARTH-INC FLU	1.00	UNITS	1200	1	2024-11-04
1094	JAC	JETTUB	1.00	UNITS	1100	1	2024-11-04
1096	FPL2	1.5 STORY CHIM	1.00	UNITS	4300	2	2024-11-04
1096	GNRA	SV GENERATOR	1.00	UNITS	4100	2	2024-11-04
1096	FPL3	2 STORY CHIM	1.00	UNITS	4600	1	2024-11-04
1096	JAC	JETTUB	1.00	UNITS	1500	1	2024-11-04
1099	HRTC	HEARTH - FP	1.00	UNITS	1100	1	2024-11-04
1099	FLU2	FLUE BRICK	1.00	UNITS	600	1	2024-11-04
1101	HRTH	HEARTH-INC FLU	1.00	UNITS	1300	1	2024-11-04
1101	JAC	JETTUB	1.00	UNITS	1200	1	2024-11-04
1102	HRTH	HEARTH-INC FLU	1.00	UNITS	1200	1	2024-11-04
1104	FPL2	1.5 STORY CHIM	3.00	UNITS	11500	1	2024-11-04
1104	GNRA	SV GENERATOR	1.00	UNITS	4700	1	2024-11-04
1105	HRTH	HEARTH-INC FLU	1.00	UNITS	1600	1	2024-11-04
1105	FPL3	2 STORY CHIM	1.00	UNITS	4500	1	2024-11-04
1109	FPL2	1.5 STORY CHIM	2.00	UNITS	7700	1	2024-11-04
1112	HRTH	HEARTH-INC FLU	1.00	UNITS	1400	1	2024-11-04
1118	HRTH	HEARTH-INC FLU	1.00	UNITS	1500	1	2024-11-04
1120	HRTH	HEARTH-INC FLU	1.00	UNITS	1600	1	2024-11-04
1121	FPL1	FIREPLACE 1 ST	1.00	UNITS	3200	1	2024-11-04
1126	HRTH	HEARTH-INC FLU	1.00	UNITS	1400	1	2024-11-04
1131	FPL1	FIREPLACE 1 ST	1.00	UNITS	2400	1	2024-11-04
1132	FPL2	1.5 STORY CHIM	1.00	UNITS	3800	1	2024-11-04
1132	HRTH	HEARTH-INC FLU	1.00	UNITS	1500	1	2024-11-04
1132	GNRA	SV GENERATOR	1.00	UNITS	4700	1	2024-11-04
1133	FPL1	FIREPLACE 1 ST	1.00	UNITS	2600	1	2024-11-04
1140	HRTH	HEARTH-INC FLU	1.00	UNITS	1300	1	2024-11-04
1144	FPL2	1.5 STORY CHIM	1.00	UNITS	3500	1	2024-11-04
1144	JAC	JETTUB	1.00	UNITS	1300	1	2024-11-04
1149	HRTH	HEARTH-INC FLU	1.00	UNITS	1300	1	2024-11-04
1149	GNRA	SV GENERATOR	1.00	UNITS	4000	1	2024-11-04
1150	HRTH	HEARTH-INC FLU	2.00	UNITS	2900	1	2024-11-04
1156	FPL2	1.5 STORY CHIM	1.00	UNITS	3800	1	2024-11-04
1156	HRTH	HEARTH-INC FLU	1.00	UNITS	1500	1	2024-11-04
1165	FPL1	FIREPLACE 1 ST	1.00	UNITS	2900	1	2024-11-04
1167	FPL1	FIREPLACE 1 ST	1.00	UNITS	2800	1	2024-11-04
1169	HRTH	HEARTH-INC FLU	1.00	UNITS	1500	1	2024-11-04
1170	HRTH	HEARTH-INC FLU	1.00	UNITS	1400	1	2024-11-04
1173	HRTA	HEARTH-FLDPR	1.00	UNITS	800	1	2024-11-04
1188	FPLD	DELUX FIREPLAC	1.00	UNITS	8300	1	2024-11-04
1188	GENR	SV GENERATOR >20KW	1.00	UNITS	12400	1	2024-11-04
1195	FPL3	2 STORY CHIM	1.00	UNITS	3700	1	2024-11-04
1195	FPO	EXTRA FPL OPEN	1.00	UNITS	900	1	2024-11-04
1195	HRTH	HEARTH-INC FLU	1.00	UNITS	1300	1	2024-11-04
1195	GNRA	SV GENERATOR	1.00	UNITS	4000	1	2024-11-04
1195	SHR1	SHOWER STALL	1.00	UNITS	700	1	2024-11-04
1196	HRTH	HEARTH-INC FLU	2.00	UNITS	2700	1	2024-11-04
1196	FPL2	1.5 STORY CHIM	1.00	UNITS	3400	1	2024-11-04
1199	HRTH	HEARTH-INC FLU	1.00	UNITS	1000	1	2024-11-04
1200	HRTH	HEARTH-INC FLU	1.00	UNITS	1200	1	2024-11-04
1201	FPL	FIREPLCE/MET F	1.00	UNITS	1500	1	2024-11-04
1203	FPL	FIREPLCE/MET F	1.00	UNITS	1300	1	2024-11-04
1203	GNRA	SV GENERATOR	1.00	UNITS	4200	1	2024-11-04
1204	HRTH	HEARTH-INC FLU	1.00	UNITS	1500	1	2024-11-04
1208	FPL2	1.5 STORY CHIM	1.00	UNITS	3400	1	2024-11-04
1208	HRTH	HEARTH-INC FLU	1.00	UNITS	1400	1	2024-11-04
1208	FLU2	FLUE BRICK	2.00	UNITS	1200	1	2024-11-04
1209	HRTH	HEARTH-INC FLU	1.00	UNITS	1300	1	2024-11-04
1212	FPL3	2 STORY CHIM	1.00	UNITS	4700	1	2024-11-04
1212	JAC	JETTUB	1.00	UNITS	1500	1	2024-11-04
1213	FPL2	1.5 STORY CHIM	1.00	UNITS	3600	1	2024-11-04
1222	HRTH	HEARTH-INC FLU	1.00	UNITS	1700	3	2024-11-04
1222	GNRA	SV GENERATOR	1.00	UNITS	5100	3	2024-11-04
1226	FPL2	1.5 STORY CHIM	2.00	UNITS	7500	1	2024-11-04
1226	GNRA	SV GENERATOR	1.00	UNITS	4600	1	2024-11-04
1227	FPL3	2 STORY CHIM	1.00	UNITS	3700	1	2024-11-04
1227	FPO	EXTRA FPL OPEN	2.00	UNITS	1800	1	2024-11-04
1228	FPL2	1.5 STORY CHIM	1.00	UNITS	3400	1	2024-11-04
1228	GNRA	SV GENERATOR	1.00	UNITS	4100	1	2024-11-04
1229	FLU1	FLUE CONCRETE	1.00	UNITS	400	1	2024-11-04
1229	GNRA	SV GENERATOR	1.00	UNITS	3700	1	2024-11-04
1230	NFPO	NONFNCTG FPO	1.00	UNITS	500	1	2024-11-04
1233	FPL1	FIREPLACE 1 ST	1.00	UNITS	3200	1	2024-11-04
1233	SAU	SAUNA	48.00	S.F.	5000	1	2024-11-04
1247	HRTH	HEARTH-INC FLU	2.00	UNITS	3100	1	2024-11-04
1247	JAC	JETTUB	1.00	UNITS	1400	1	2024-11-04
1247	GNRA	SV GENERATOR	1.00	UNITS	4700	1	2024-11-04
1248	HRTH	HEARTH-INC FLU	1.00	UNITS	1500	1	2024-11-04
1248	JAC	JETTUB	1.00	UNITS	1300	1	2024-11-04
1249	FPL3	2 STORY CHIM	1.00	UNITS	3300	1	2024-11-04
1249	FPO	EXTRA FPL OPEN	1.00	UNITS	800	1	2024-11-04
1250	FLU2	FLUE BRICK	1.00	UNITS	700	1	2024-11-04
1250	HRTA	HEARTH-FLDPR	1.00	UNITS	800	1	2024-11-04
1251	FPL3	2 STORY CHIM	2.00	UNITS	8700	1	2024-11-04
1256	FPL2	1.5 STORY CHIM	1.00	UNITS	3500	1	2024-11-04
1256	HRTA	HEARTH-FLDPR	1.00	UNITS	700	1	2024-11-04
1256	SHWR	EXT SHOWER	1.00	UNITS	300	1	2024-11-04
1263	FPL2	1.5 STORY CHIM	1.00	UNITS	3200	1	2024-11-04
1265	FPL2	1.5 STORY CHIM	1.00	UNITS	3600	1	2024-11-04
1266	FPL2	1.5 STORY CHIM	1.00	UNITS	3600	1	2024-11-04
1266	FPO	EXTRA FPL OPEN	2.00	UNITS	1900	1	2024-11-04
1269	FLU2	FLUE BRICK	1.00	UNITS	700	1	2024-11-04
1271	FPL2	1.5 STORY CHIM	1.00	UNITS	4100	1	2024-11-04
1298	FPL2	1.5 STORY CHIM	1.00	UNITS	4100	1	2024-11-04
1298	FPO	EXTRA FPL OPEN	1.00	UNITS	1100	1	2024-11-04
1298	HOTT	HOT TUB	1.00	UNITS	3500	1	2024-11-04
1304	FPL1	FIREPLACE 1 ST	1.00	UNITS	2900	2	2024-11-04
1304	SPR1	SPRINKLERS-WET	15966.00	S.F.	8100	1	2024-11-04
1304	ELV1	2 STOP/PSNGR	1.00	UNITS	9400	1	2024-11-04
1304	FPL3	2 STORY CHIM	1.00	UNITS	900	1	2024-11-04
1305	MEZ2	FINISHED	165.00	S.F.	1700	3	2024-11-04
1305	SPR1	SPRINKLERS-WET	15966.00	S.F.	33000	1	2024-11-04
1305	ELV1	2 STOP/PSNGR	1.00	UNITS	38000	1	2024-11-04
1305	GNRB	SV GENERATOR	1.00	UNITS	7300	2	2024-11-04
1305	FPL3	2 STORY CHIM	1.00	UNITS	3500	1	2024-11-04
1313	HRTH	HEARTH-INC FLU	1.00	UNITS	1500	1	2024-11-04
1313	JAC	JETTUB	1.00	UNITS	1400	1	2024-11-04
1323	HRTH	HEARTH-INC FLU	1.00	UNITS	1400	1	2024-11-04
1323	FPL3	2 STORY CHIM	1.00	UNITS	4000	1	2024-11-04
1325	FPL2	1.5 STORY CHIM	2.00	UNITS	6600	1	2024-11-04
1326	FPL3	2 STORY CHIM	2.00	UNITS	9000	1	2024-11-04
1326	FPO	EXTRA FPL OPEN	3.00	UNITS	3200	1	2024-11-04
1326	HRTH	HEARTH-INC FLU	1.00	UNITS	1600	1	2024-11-04
1333	FPL2	1.5 STORY CHIM	1.00	UNITS	3400	1	2024-11-04
1333	FPL3	2 STORY CHIM	1.00	UNITS	3800	1	2024-11-04
1333	FPO	EXTRA FPL OPEN	1.00	UNITS	900	1	2024-11-04
1333	JAC	JETTUB	1.00	UNITS	1300	1	2024-11-04
1335	HRTH	HEARTH-INC FLU	1.00	UNITS	1400	1	2024-11-04
1338	FPL	FIREPLCE/MET F	1.00	UNITS	1400	1	2024-11-04
1338	FPL2	1.5 STORY CHIM	1.00	UNITS	3600	1	2024-11-04
1338	JAC	JETTUB	2.00	UNITS	2700	1	2024-11-04
1340	HRTH	HEARTH-INC FLU	1.00	UNITS	1300	1	2024-11-04
1341	FPL2	1.5 STORY CHIM	2.00	UNITS	7300	1	2024-11-04
1341	HRTH	HEARTH-INC FLU	1.00	UNITS	1500	1	2024-11-04
1342	FPL2	1.5 STORY CHIM	1.00	UNITS	3400	1	2024-11-04
1344	FPLD	DELUX FIREPLAC	1.00	UNITS	8300	1	2024-11-04
1344	JAC	JETTUB	1.00	UNITS	1200	1	2024-11-04
1352	HRTA	HEARTH-FLDPR	1.00	UNITS	800	1	2024-11-04
1353	FPL2	1.5 STORY CHIM	1.00	UNITS	4000	1	2024-11-04
1353	JAC	JETTUB	1.00	UNITS	1500	1	2024-11-04
1354	FPL3	2 STORY CHIM	1.00	UNITS	4400	1	2024-11-04
1354	GNRA	SV GENERATOR	1.00	UNITS	4800	1	2024-11-04
1373	FPL3	2 STORY CHIM	1.00	UNITS	4400	1	2024-11-04
1373	FPL2	1.5 STORY CHIM	2.00	UNITS	7900	1	2024-11-04
1373	GNRA	SV GENERATOR	1.00	UNITS	4800	1	2024-11-04
1374	FPL3	2 STORY CHIM	1.00	UNITS	3800	1	2024-11-04
1374	FPO	EXTRA FPL OPEN	1.00	UNITS	900	1	2024-11-04
1375	FPL2	1.5 STORY CHIM	3.00	UNITS	12200	1	2024-11-04
1375	GNRA	SV GENERATOR	1.00	UNITS	5000	1	2024-11-04
1382	FPL2	1.5 STORY CHIM	1.00	UNITS	3800	1	2024-11-04
1382	FPO	EXTRA FPL OPEN	1.00	UNITS	1000	1	2024-11-04
1382	FPL1	FIREPLACE 1 ST	1.00	UNITS	3400	1	2024-11-04
1384	FPL2	1.5 STORY CHIM	1.00	UNITS	3800	1	2024-11-04
1384	HRTH	HEARTH-INC FLU	1.00	UNITS	1500	1	2024-11-04
1384	GNRA	SV GENERATOR	1.00	UNITS	4700	1	2024-11-04
1385	FPL2	1.5 STORY CHIM	2.00	UNITS	7700	1	2024-11-04
1385	NFP2	NONFCTG FPL2	2.00	UNITS	2400	1	2024-11-04
1385	HRTH	HEARTH-INC FLU	1.00	UNITS	1500	1	2024-11-04
1386	FPLD	DELUX FIREPLAC	1.00	UNITS	10000	1	2024-11-04
1386	FPO	EXTRA FPL OPEN	1.00	UNITS	1100	1	2024-11-04
1386	GNRA	SV GENERATOR	1.00	UNITS	5000	1	2024-11-04
1389	FPL3	2 STORY CHIM	1.00	UNITS	3600	1	2024-11-04
1406	FPLD	DELUX FIREPLAC	1.00	UNITS	9800	1	2024-11-04
1406	FPO	EXTRA FPL OPEN	1.00	UNITS	1100	1	2024-11-04
1412	HRTH	HEARTH-INC FLU	1.00	UNITS	1000	1	2024-11-04
1412	GNRA	SV GENERATOR	1.00	UNITS	3100	1	2024-11-04
1449	FPL1	FIREPLACE 1 ST	1.00	UNITS	2900	1	2024-11-04
1451	HRTH	HEARTH-INC FLU	1.00	UNITS	1400	1	2024-11-04
1455	FPL2	1.5 STORY CHIM	1.00	UNITS	3400	1	2024-11-04
1456	FPLC	1 ST CAMP FPL	1.00	UNITS	1800	1	2024-11-04
1457	SAU	SAUNA	49.00	S.F.	600	1	2024-11-04
1462	FPL1	FIREPLACE 1 ST	1.00	UNITS	2700	1	2024-11-04
1462	FPO	EXTRA FPL OPEN	2.00	UNITS	1600	1	2024-11-04
1462	HRTH	HEARTH-INC FLU	1.00	UNITS	1200	1	2024-11-04
1468	HRTH	HEARTH-INC FLU	1.00	UNITS	1300	1	2024-11-04
1468	SNA	SAUNA	50.00	S.F.	4700	1	2024-11-04
1471	FLU2	FLUE BRICK	1.00	UNITS	500	1	2024-11-04
1477	FPL1	FIREPLACE 1 ST	1.00	UNITS	2900	1	2024-11-04
1484	FPL1	FIREPLACE 1 ST	1.00	UNITS	2900	1	2024-11-04
1485	FPL1	FIREPLACE 1 ST	1.00	UNITS	3000	1	2024-11-04
1485	HRTA	HEARTH-FLDPR	1.00	UNITS	700	1	2024-11-04
100000	FPL	FIREPLCE/MET F	1.00	UNITS	1600	1	2024-11-04
100000	HRTH	HEARTH-INC FLU	1.00	UNITS	1700	1	2024-11-04
100000	GNRA	SV GENERATOR	1.00	UNITS	5100	1	2024-11-04
100021	FPLD	DELUX FIREPLAC	1.00	UNITS	10000	1	2024-11-04
100103	HRTH	HEARTH-INC FLU	1.00	UNITS	1200	1	2024-11-04
100122	FPL1	FIREPLACE 1 ST	1.00	UNITS	3400	1	2024-11-04
100142	FPL1	FIREPLACE 1 ST	1.00	UNITS	3200	1	2024-11-04
100162	FPL1	FIREPLACE 1 ST	1.00	UNITS	3200	1	2024-11-04
100163	FPL1	FIREPLACE 1 ST	1.00	UNITS	3200	1	2024-11-04
100164	FPL1	FIREPLACE 1 ST	1.00	UNITS	3000	1	2024-11-04
100182	FPL1	FIREPLACE 1 ST	2.00	UNITS	7100	1	2024-11-04
100184	FPL2	1.5 STORY CHIM	2.00	UNITS	3800	1	2024-11-04
100243	FPL	FIREPLCE/MET F	1.00	UNITS	1500	1	2024-11-04
100262	FPL3	2 STORY CHIM	2.00	UNITS	8500	1	2024-11-04
100262	FPL2	1.5 STORY CHIM	1.00	UNITS	3800	1	2024-11-04
100262	FPO	EXTRA FPL OPEN	2.00	UNITS	2000	1	2024-11-04
100263	FPL3	2 STORY CHIM	1.00	UNITS	4300	1	2024-11-04
100263	HRTA	HEARTH-FLDPR	1.00	UNITS	800	1	2024-11-04
100265	HRTH	HEARTH-INC FLU	1.00	UNITS	1700	1	2024-11-04
100282	FPL3	2 STORY CHIM	1.00	UNITS	4200	1	2024-11-04
100302	HRTA	HEARTH-FLDPR	1.00	UNITS	800	1	2024-11-04
100422	FPL1	FIREPLACE 1 ST	2.00	UNITS	7200	1	2024-11-04
100422	FPO	EXTRA FPL OPEN	2.00	UNITS	2200	1	2024-11-04
100442	HRTH	HEARTH-INC FLU	1.00	UNITS	1600	1	2024-11-04
100463	FPL1	FIREPLACE 1 ST	1.00	UNITS	3400	1	2024-11-04
100482	FPL3	2 STORY CHIM	1.00	UNITS	4300	1	2024-11-04
100502	FPL3	2 STORY CHIM	1.00	UNITS	4500	1	2024-11-04
100502	FPO	EXTRA FPL OPEN	2.00	UNITS	2200	1	2024-11-04
100503	FPL3	2 STORY CHIM	1.00	UNITS	4500	1	2024-11-04
100522	FPL1	FIREPLACE 1 ST	1.00	UNITS	3200	1	2024-11-04
100523	FPL2	1.5 STORY CHIM	1.00	UNITS	4100	1	2024-11-04
100523	FPO	EXTRA FPL OPEN	1.00	UNITS	1100	1	2024-11-04
100542	FPL2	1.5 STORY CHIM	1.00	UNITS	4100	1	2024-11-04
100542	FPO	EXTRA FPL OPEN	1.00	UNITS	1100	1	2024-11-04
100542	HRTA	HEARTH-FLDPR	1.00	UNITS	900	1	2024-11-04
100543	FPL3	2 STORY CHIM	1.00	UNITS	3800	1	2024-11-04
100543	FPO	EXTRA FPL OPEN	2.00	UNITS	1800	1	2024-11-04
100562	FPL2	1.5 STORY CHIM	1.00	UNITS	4100	1	2024-11-04
100562	FPO	EXTRA FPL OPEN	1.00	UNITS	1100	1	2024-11-04
100563	FLU2	FLUE BRICK	1.00	UNITS	700	1	2024-11-04
100582	FPL2	1.5 STORY CHIM	1.00	UNITS	3800	1	2024-11-04
100583	ELV1	2 STOP/PSNGR	1.00	UNITS	51700	3	2024-11-04
100742	FPL	FIREPLCE/MET F	1.00	UNITS	1600	1	2024-11-04
100742	GNRA	SV GENERATOR	1.00	UNITS	5000	1	2024-11-04
101162	FPL2	1.5 STORY CHIM	1.00	UNITS	3200	1	2024-11-04
101182	JAC	JETTUB	1.00	UNITS	1600	1	2024-11-04
101224	FPL2	1.5 STORY CHIM	1.00	UNITS	3800	1	2024-11-04
101224	KTH1	EXTRA KITCHEN	1.00	UNITS	600	1	2024-11-04
101242	FPL3	2 STORY CHIM	1.00	UNITS	4400	1	2024-11-04
101242	FLU2	FLUE BRICK	1.00	UNITS	700	1	2024-11-04
101242	HOTT	HOT TUB	1.00	UNITS	3400	1	2024-11-04
101243	FPL3	2 STORY CHIM	1.00	UNITS	4600	1	2024-11-04
101243	FPL1	FIREPLACE 1 ST	2.00	UNITS	7300	1	2024-11-04
101262	FPL	FIREPLCE/MET F	2.00	UNITS	1800	1	2024-11-04
101262	JAC	JETTUB	1.00	UNITS	1500	1	2024-11-04
101282	FPL2	1.5 STORY CHIM	1.00	UNITS	3600	1	2024-11-04
101282	FPO	EXTRA FPL OPEN	2.00	UNITS	1900	1	2024-11-04
101282	HRTH	HEARTH-INC FLU	1.00	UNITS	1400	1	2024-11-04
101282	GNRA	SV GENERATOR	1.00	UNITS	4400	1	2024-11-04
101325	HRTH	HEARTH-INC FLU	1.00	UNITS	1600	1	2024-11-04
101325	FPL3	2 STORY CHIM	1.00	UNITS	4400	1	2024-11-04
101342	FPL2	1.5 STORY CHIM	1.00	UNITS	3700	1	2024-11-04
101342	FPO	EXTRA FPL OPEN	1.00	UNITS	1000	1	2024-11-04
101342	FPL1	FIREPLACE 1 ST	1.00	UNITS	3300	1	2024-11-04
101342	JAC	JETTUB	1.00	UNITS	1400	1	2024-11-04
101382	FPL2	1.5 STORY CHIM	1.00	UNITS	3900	1	2024-11-04
101462	FPL3	2 STORY CHIM	1.00	UNITS	4900	1	2024-11-04
101523	FPL2	1.5 STORY CHIM	1.00	UNITS	4100	1	2024-11-04
101523	HRTH	HEARTH-INC FLU	1.00	UNITS	1600	1	2024-11-04
101523	GNRA	SV GENERATOR	1.00	UNITS	5000	1	2024-11-04
101542	NFP2	NONFCTG FPL2	1.00	UNITS	1700	1	2024-11-04
101622	FPL	FIREPLCE/MET F	1.00	UNITS	1700	1	2024-11-04
101642	FPL	FIREPLCE/MET F	1.00	UNITS	1600	1	2024-11-04
102644	FPLC	1 ST CAMP FPL	1.00	UNITS	1500	1	2024-11-04
102691	FPL2	1.5 STORY CHIM	1.00	UNITS	3700	1	2024-11-04
102691	HOTT	HOT TUB	1.00	UNITS	3200	1	2024-11-04
102692	FPL3	2 STORY CHIM	1.00	UNITS	4400	1	2024-11-04
102736	HRTH	HEARTH-INC FLU	1.00	UNITS	1600	1	2024-11-04
102736	JAC	JETTUB	1.00	UNITS	1500	1	2024-11-04
102766	HRTH	HEARTH-INC FLU	1.00	UNITS	1400	1	2024-11-04
102834	GNRA	SV GENERATOR	1.00	UNITS	5400	1	2024-11-04
102834	HOTT	HOT TUB	1.00	UNITS	3800	1	2024-11-04
102834	SHWR	EXT SHOWER	1.00	UNITS	400	1	2024-11-04
102896	KTH1	EXTRA KITCHEN	1.00	UNITS	2500	1	2024-11-04
102897	FPLC	1 ST CAMP FPL	1.00	UNITS	1100	3	2024-11-04
102897	FPLC	1 ST CAMP FPL	1.00	UNITS	1100	4	2024-11-04
102897	FPLC	1 ST CAMP FPL	1.00	UNITS	1300	1	2024-11-04
103057	FPL2	1.5 STORY CHIM	1.00	UNITS	3800	1	2024-11-04
103057	GNRA	SV GENERATOR	1.00	UNITS	4700	1	2024-11-04
103057	JAC	JETTUB	1.00	UNITS	1400	1	2024-11-04
103197	GENR	SV GENERATOR >20KW	1.00	UNITS	16200	1	2024-11-04
103224	FPO	EXTRA FPL OPEN	1.00	UNITS	600	1	2024-11-04
103224	NFP2	NONFCTG FPL2	1.00	UNITS	1200	1	2024-11-04
103227	FPLC	1 ST CAMP FPL	1.00	UNITS	800	1	2024-11-04
103227	FPO	EXTRA FPL OPEN	1.00	UNITS	600	1	2024-11-04
103228	FPLC	1 ST CAMP FPL	1.00	UNITS	1400	1	2024-11-04
103229	FPLC	1 ST CAMP FPL	0.00	UNITS	0	1	2024-11-04
103230	FPLC	1 ST CAMP FPL	1.00	UNITS	1400	1	2024-11-04
103233	FPLC	1 ST CAMP FPL	1.00	UNITS	1400	1	2024-11-04
103233	FPO	EXTRA FPL OPEN	0.00	UNITS	0	1	2024-11-04
103237	HRTA	HEARTH-FLDPR	1.00	UNITS	500	1	2024-11-04
103238	FPLC	1 ST CAMP FPL	1.00	UNITS	1400	1	2024-11-04
103239	FPLC	1 ST CAMP FPL	0.00	UNITS	0	1	2024-11-04
103240	FPLC	1 ST CAMP FPL	1.00	UNITS	1400	1	2024-11-04
103242	 	 	0.00		 	1	2024-11-04
103243	FPLC	1 ST CAMP FPL	1.00	UNITS	1400	1	2024-11-04
103244	FPLC	1 ST CAMP FPL	1.00	UNITS	1400	1	2024-11-04
103245	FPLC	1 ST CAMP FPL	1.00	UNITS	1400	1	2024-11-04
103246	FPLC	1 ST CAMP FPL	1.00	UNITS	1400	1	2024-11-04
103247	FPLC	1 ST CAMP FPL	1.00	UNITS	1400	1	2024-11-04
103248	FPLC	1 ST CAMP FPL	1.00	UNITS	1400	1	2024-11-04
103249	FPLC	1 ST CAMP FPL	1.00	UNITS	1500	1	2024-11-04
103250	FPLC	1 ST CAMP FPL	1.00	UNITS	1400	1	2024-11-04
