PID,Map,Lot,Unit,Parcel?,SD_Lot_Size,MapAcres,Exempt,MuniEasement,ConsEase,PartofMap,PartofLot,PartofUnit,StreetAddress,Frontage,Suffix,Notes,CollectedOn
5,201,1,,,3.90,,,,,,,,58 DORCHESTER RD,400,,,2024-06-02
,201,2,,NoParcel,,,,,,,,,,0,,,2024-06-02
,201,3,,,,,,,,408,30,,,0,,,2024-06-02
7,201,4,,,0.49,,,,,,,,42 DORCHESTER RD,115,,,2024-06-02
8,201,5,,,0.98,,,,,,,,40 DORCHESTER RD,130,,,2024-06-02
9,201,6,,,1.85,,,,,,,,36 DORCHESTER RD,221,,,2024-06-02
10,201,7,,,2.46,,,,,,,,32 DORCHESTER RD,431,,,2024-06-02
,201,8,,NoParcel,,,,,,,,,,0,,,2024-06-02
12,201,9,,,3.11,,,,,,,,22 DORCHESTER RD,312.99,,,2024-06-02
13,201,10,,,1.60,,,,,,,,18 DORCHESTER RD,296,,,2024-06-02
16,201,11,,,1.40,,,,,,,,1 MARKET ST,409.4,,,2024-06-02
19,201,12,1000,,0.10,,,,,,,,5 MARKET ST,262.16,,,2024-06-02
18,201,12,2000,,0.34,,,,,,,,7 MARKET ST,59.65,,,2024-06-02
20,201,13,,,1.60,,,,,,,,11 MARKET ST,15.6,,,2024-06-02
21,201,14,,,1.80,,,,,,,,15 MARKET ST,351.1,,,2024-06-02
22,201,15,,,0.55,,,,,,,,19 MARKET ST,115.4,,,2024-06-02
23,201,16,,,4.31,,,,,,,,25 MARKET ST,410,,,2024-06-02
103257,201,17,,,12.50,,,,,,,,135 WASHBURN HILL RD,943,,,2024-06-02
25,201,18,,,0.50,,,,,,,,30 MARKET ST,120,,,2024-06-02
26,201,19,,,1.10,,,,,,,,26 MARKET ST,325.3,,,2024-06-02
27,201,20,,,2.08,,,,,,,,22 MARKET ST,101.7,,,2024-06-02
28,201,21,,,3.50,,,,,,,,20 MARKET ST,88.8,,,2024-06-02
29,201,22,,,3.91,,,,,,,,14 MARKET ST,315.67,,,2024-06-02
30,201,23,,,1.38,,,,,,,,10 MARKET ST,118.2,,,2024-06-02
,201,24,,NoParcel,,,,,,,,,,0,,,2024-06-02
32,201,25,,,0.37,,,,,,,,8 MARKET ST,105,,,2024-06-02
33,201,26,,,0.29,,,,,,,,6 MARKET ST,115.5,,,2024-06-02
34,201,27,,,0.40,,,,,,,,4 MARKET ST,225,,,2024-06-02
35,201,28,,,1.40,,,,,,,,1 ON THE COMMON (COMMON),905,,Lyme Common,2024-06-02
36,201,29,,,2.20,,,,,,,,18 ON THE COMMON,209.6,,,2024-06-02
37,201,30,,,0.78,,,,,,,,16 ON THE COMMON,74,,,2024-06-02
103137,201,30,T,,0.00,,,,,,,,16 ON THE COMMON,0,,,2024-06-02
39,201,31,1000,,3.08,,,,,,,,14 ON THE COMMON,167,,,2024-06-02
40,201,31,2000,,9.99,,,,,,,,18 MARKET ST (BIG ROCK),0,,No frontage?,2024-06-02
41,201,32,,,0.65,,,,,,,,12 ON THE COMMON,134.5,,,2024-06-02
42,201,33,,,1.50,,,,,,,,10 ON THE COMMON,107.7,,,2024-06-02
43,201,34,,,1.71,,,,,,,,8 ON THE COMMON,69.3,,,2024-06-02
50,201,35,10,,0.00,,,,,,,,6 ON THE COMMON UNIT #1,94.5,,6 On the Common,2024-06-02
51,201,35,20,,0.00,,,,,,,,6 ON THE COMMON UNIT #2,0,,,2024-06-02
52,201,35,30,,0.00,,,,,,,,6 ON THE COMMON UNIT #3,0,,,2024-06-02
53,201,35,40,,0.00,,,,,,,,6 ON THE COMMON UNIT #4,0,,,2024-06-02
54,201,35,50,,0.00,,,,,,,,6 ON THE COMMON UNIT #5,0,,,2024-06-02
55,201,35,60,,0.00,,,,,,,,6 ON THE COMMON UNIT #6,0,,,2024-06-02
56,201,36,,,0.18,,,,,,,,4 ON THE COMMON,67,,,2024-06-02
57,201,37,,,1.40,,,,,,,,2 ON THE COMMON,254.5,,Corner lot,2024-06-02
58,201,38,,,0.44,,E,,,,,,38 UNION ST (LIBRARY),103.5,,Lyme Library,2024-06-02
59,201,39,,,0.39,,,,,,,,36 UNION ST,75,,,2024-06-02
60,201,40,,,1.55,,,,,,,,32 UNION ST,105.7,,,2024-06-02
,201,41,,NoParcel,,,,,,,,,,0,,,2024-06-02
62,201,42,,,0.46,,,,,,,,30 UNION ST,80,,,2024-06-02
63,201,43,,,2.55,,,,,,,,28 UNION ST,121.9,,,2024-06-02
64,201,44,,,1.60,,,,,,,,26 UNION ST,62,,,2024-06-02
65,201,45,,,1.10,,,,,,,,24 UNION ST,128.4,,,2024-06-02
66,201,46,,,1.28,,,,,,,,22 UNION ST,309,,,2024-06-02
67,201,47,,,12.82,,E,,CE,,,,20 UNION ST (BIG ROCK),455.82,,Big Rock Preserve,2024-06-02
68,201,48,,,2.30,,,,,,,,5 BROOK LN,320,,Frontage on Brook Road????,2024-06-02
69,201,49,,,0.41,,E,,,,,,4 BROOK LN,260,,State Land by Brook Road,2024-06-02
,201,50,,,0.81,,,,,,,,,61.6,,Not in Vision?,2024-06-02
76,201,51,1000,,2.00,,,ME,,,,,11 UNION ST,294.4,,,2024-06-02
77,201,51,2000,,2.07,,,ME,,,,,13 UNION ST,81.3,,,2024-06-02
78,201,52,,,1.00,,,,,,,,15 UNION ST,115,,,2024-06-02
79,201,53,,,0.99,,,,,,,,17 UNION ST,100,,,2024-06-02
80,201,54,,,18.00,,,,,,,,21 UNION ST,260,,,2024-06-02
81,201,55,,,1.40,,,,,,,,25 UNION ST,170.28,,,2024-06-02
82,201,56,,,0.67,,,,,,,,27 UNION ST,85,,,2024-06-02
83,201,57,,,0.44,,,,,,,,29 UNION ST,78,,,2024-06-02
84,201,58,,,6.80,,E,,,,,,35 UNION ST (ELEM SCHOOL),415,,Lyme School,2024-06-02
85,201,59,,,0.38,,E,,,,,,39 UNION ST (LITTLE COMMON),280,,Little Town Common,2024-06-02
86,201,60,,,1.10,,,,,,,,37 UNION ST,345,,,2024-06-02
87,201,61,,,1.50,,,,,,,,19 EAST THETFORD RD,365,,,2024-06-02
88,201,62,,,0.26,,,,,,,,1 HAMILTON LN,80,,,2024-06-02
89,201,63,,,57.00,,,,,,,,7 HAMILTON LN,38,,Hamilton Lane dead ends into it????,2024-06-02
,201,64,,NoParcel,,,,,,,,,,0,,,2024-06-02
91,201,65,,,0.81,,,,,,,,2 HAMILTON LN,82.82,,,2024-06-02
92,201,66,,,0.67,,,,,,,,8 EAST THETFORD RD,80.1,,,2024-06-02
93,201,67,,,0.70,,,,,,,,6 EAST THETFORD RD,97.27,,,2024-06-02
94,201,68,,,0.55,,,,,,,,4 EAST THETFORD RD,57,,,2024-06-02
95,201,69,,,0.72,,,,,,,,2 EAST THETFORD RD,140,,,2024-06-02
99,201,70,10,,0.00,,,,,,,,1 MAIN ST (33% INT),90,,TWO LOTS???,2024-06-02
101,201,70,20,,0.00,,,,,,,,1 MAIN ST (67% INT),90,,70.1000 & 70.2000???,2024-06-02
102,201,71,,,0.63,,E,,,,,,3 MAIN ST,90,,Park 'N Ride,2024-06-02
103,201,72,,,1.40,,,ME,,,,,10 LATHAM LN,66,,Stella's back lot,2024-06-02
104,201,73,,,0.96,,,,,,,,5 MAIN ST,126.5,,,2024-06-02
105,201,74,,,0.40,,,,,,,,7 MAIN ST,80,,,2024-06-02
106,201,75,,,5.40,,,,,,,,9 MAIN ST ST,220,,,2024-06-02
107,201,76,,,0.31,,,,,,,,13 MAIN ST,83.8,,,2024-06-02
101162,201,77,E,,0.80,,,,,,,,15 MAIN ST,175,,,2024-06-02
103117,201,77,T,,0.14,,,,,,,,15 MAIN ST,0,,,2024-06-02
111,201,78,,,3.70,,E,,,,,,1 PLEASANT ST (OLD CEMETERY,665,,Cemetery,2024-06-02
115,201,79,1000,,22.00,,,,,,,,21 PLEASANT ST,760,,,2024-06-02
116,201,79,2000,,2.08,,,,,,,,23 PLEASANT ST,0,,No frontage????,2024-06-02
117,201,80,10,,0.00,,,,,,,,25 PLEASANT ST,250,,CONDO?,2024-06-02
101602,201,80,20,,0.00,,,,,,,,27 PLEASANT ST,0,,,2024-06-02
118,201,81,,,5.30,,,,,,,,7 BRITTON LN,1214.3,,,2024-06-02
,201,82,,NoParcel,,,,,,,,,,0,,,2024-06-02
120,201,83,,,4.20,,,ME,,,,,4 BRITTON LN,328.7,,,2024-06-02
121,201,84,,,1.40,,,,,,,,34 PLEASANT ST,230,,,2024-06-02
122,201,85,,,0.70,,,,,,,,32 PLEASANT ST,70,,,2024-06-02
123,201,86,,,0.69,,,,,,,,30 PLEASANT ST,90,,,2024-06-02
124,201,87,,,1.00,,,,,,,,26+28 PLEASANT ST,180,,,2024-06-02
125,201,88,,,2.30,,,,,,,,24 PLEASANT ST,192.8,,,2024-06-02
,201,89,,NoParcel,,,,,,,,,,0,,,2024-06-02
127,201,90,,,0.90,,,,,,,,16 PLEASANT ST,193.2,,,2024-06-02
128,201,91,,,0.80,,,,,,,,12+14 PLEASANT ST,140,,,2024-06-02
129,201,92,,,1.30,,,,,,,,10 PLEASANT ST,210,,,2024-06-02
132,201,93,100,,0.16,,,,,,,,6 JOHN THOMSON WY (L/O),245,,Horse Sheds,2024-06-02
133,201,93,200,,0.00,,,,,,,,6 JOHN THOMSON WY(HORSESHD),0,,,2024-06-02
136,201,94,100,,0.07,,,,,,,,2 PLEASANT ST (JAILHOUSE),0,,Jail House,2024-06-02
137,201,94,200,,1.85,,E,,,,,,4 JOHN THOMSON WY,13.8,,American Legion - WRONG MBLU on map,2024-06-02
138,201,95,,,0.33,,E,,,,,,1 DORCHESTER RD,605,,LCC,2024-06-02
139,201,96,,,0.09,,,,,,,,5 DORCHESTER RD,95,,Bargain Barn,2024-06-02
140,201,97,,,0.31,,,,,,,,7 DORCHESTER RD,120,,,2024-06-02
,201,98,,NoParcel,,,,,,,,,,0,,,2024-06-02
142,201,99,,,1.71,,,,,,,,11 DORCHESTER RD,350,,,2024-06-02
143,201,100,,,1.50,,,,,,,,19 DORCHESTER RD,215,,,2024-06-02
144,201,101,,,0.43,,,,,,,,21 DORCHESTER RD,161,,,2024-06-02
148,201,102,1000,,1.37,,,,,,,,50 HIGH ST,600,,Corner lot,2024-06-02
149,201,102,2000,,1.51,,,,,,,,48 HIGH ST,140.1,,,2024-06-02
150,201,103,,,1.28,,E,,,,,,44 HIGH ST (FIRE STATION),240.28,,,2024-06-02
151,201,104,,,10.00,,,,,,,,40 HIGH ST,73.12,,,2024-06-02
152,201,105,,,0.22,,,,,,,,38 HIGH ST,75,,,2024-06-02
153,201,106,,,0.66,,,,,,,,36 HIGH ST,148.5,,,2024-06-02
154,201,107,,,0.52,,,,,,,,32 HIGH ST,0,,Landlocked,2024-06-02
,201,108,,NoParcel,,,,,,,,,,0,,,2024-06-02
159,201,109,1000,,1.96,,E,,,,,,30 HIGH ST,456.7,,St of NH,2024-06-02
,201,109,2000,NoParcel,,,,,,,,,,0,,,2024-06-02
161,201,110,1000,,3.47,,E,,,,,,24 HIGH ST (HIGHWAY GARAGE),243,,Town Garage,2024-06-02
102712,201,110,2000,,6.57,,E,,,,,,24 HIGH ST (HIGHLAND CEMETER,188.3,,Highland Cemetery,2024-06-02
162,201,111,,,1.80,,,,,,,,18 HIGH ST,335,,,2024-06-02
163,201,112,,,0.76,,,,,,,,14 HIGH ST,202.13,,,2024-06-02
164,201,113,,,0.58,,,,,,,,8 HIGH ST,215.2,,,2024-06-02
,201,114,,NoParcel,,,,,,,,,,0,,,2024-06-02
,201,115,,,,,E,,,201,120,,,276.9,,,2024-06-02
,201,116,,,,,,,,201,120,,,0,,Little triangle by High Street,2024-06-02
167,201,117,,,1.53,1.03,,ME,,,,,4 CREAMERY LN,179.4,,,2024-06-02
168,201,118,,,1.50,,,,,,,,13 CREAMERY LN,370,,,2024-06-02
169,201,119,,,0.61,,,,,,,,12 CREAMERY LN,160.8,,,2024-06-02
170,201,120,,,3.11,,E,,,,,,1 HIGH ST,411.99,,Town Offices,2024-06-02
,201,121,,NoParcel,,,,,,,,,,0,,,2024-06-02
171,201,122,,,6.21,,,,,,,,18 SPRING HILL LN,495.88,,,2024-06-02
172,201,123,,,7.68,,,,,,,,10 SPRING HILL LN,252.77,,Corner lot,2024-06-02
173,201,124,,,1.50,,,,,,,,6 SPRING HILL LN,384.9,,,2024-06-02
174,201,125,,,1.56,,,,,,,,13 HIGH ST,150,,,2024-06-02
176,201,126,,,1.66,,,,,,,,15 HIGH ST,74.7,,,2024-06-02
177,201,127,,,1.30,,,,,,,,19 HIGH ST,300,,,2024-06-02
178,201,128,1000,,2.17,,,,,,,,27 HIGH ST,438.66,,,2024-06-02
102768,201,128,2000,,2.77,,,,,,,,29 HIGH ST,99.41,,,2024-06-02
179,201,129,,,1.70,,,,,,,,35 HIGH ST,440.6,,,2024-06-02
180,201,130,,,18.70,,,,,,,,19 ROCKY HILL LN,0,,Only on private lane,2024-06-02
181,201,131,,,20.00,,,,,,,,31 ROCKY HILL LN,0,,Only on private lane,2024-06-02
182,201,132,,,12.80,,,,,,,,12 ROCKY HILL LN,320.7,,,2024-06-02
183,201,133,,,0.95,,,,,,,,49 HIGH ST,306,,,2024-06-02
102737,201,134,,,9.90,,,,,,,,51 HIGH ST,280,,,2024-06-02
101642,401,1,1000,,3.01,,,,,,,,11 PRESTON RD,300,,,2024-06-02
,401,1,2000,,,,,,,401,3,,,1019.97,,Corner lot,2024-06-02
187,401,2,,,43.50,,,,,,,,40 PRESTON RD,525,,"Frontage on Goodell Ln, too",2024-06-02
188,401,3,,,13.87,,,,,,,,30 PRESTON RD,75.43,,,2024-06-02
189,401,4,,,37.00,,,,,,,,76 GOODELL LN,1249,,On Goodell Lane,2024-06-02
190,401,5,,,23.11,,,,CE,,,,54 GOODELL LN,925,S,,2024-06-02
191,401,6,,,104.74,,,,CE,,,,42 GOODELL LN,390,,Goodell & East St.,2024-06-02
192,401,7,,,191.40,,,,,,,,68 PRESTON RD,504.5,,,2024-06-02
,401,8,,,,,,,CE,401,6,,,1166.7,,,2024-06-02
194,401,9,,,2.70,,,,,,,,8 GOODELL LN,525,S,,2024-06-02
195,401,10,,,5.20,,,,,,,,298 BAKER HILL RD,260,,,2024-06-02
,401,11,,,,,,,CE,401,6,,,1140,,,2024-06-02
197,401,12,,,81.63,,,,CE,,,,65 GOODELL LN,2317.4,S,,2024-06-02
201,401,13,1000,,29.93,,,,,,,,114 DARTMOUTH COLLEGE HY,1178.94,,,2024-06-02
202,401,13,2000,,112.33,,,,,,,,20 PRESTON RD,600.89,,,2024-06-02
203,401,14,,,0.83,,,,,,,,102 DARTMOUTH COLLEGE HY,220,,,2024-06-02
204,401,15,,,52.00,,,,,,,,84 DARTMOUTH COLLEGE HY,1871,,,2024-06-02
,401,16,,NoParcel,,,,,,,,,,,,,2024-06-02
206,401,17,,,15.80,15.80,,,,,,,60 DARTMOUTH COLLEGE HY,426.2,,,2024-06-02
207,401,18,,,125.60,,,,CE,,,,19 GOOSE POND RD,2132.5,,,2024-06-02
208,401,19,,,1.20,,,,,,,,47 GOOSE POND RD,314,,,2024-06-02
209,401,20,,,1.50,,,,,,,,51 GOOSE POND RD,288,,,2024-06-02
210,401,21,,,1.50,,,,,,,,57 GOOSE POND RD,150,,,2024-06-02
,401,22,,,,,,,,401,39,,,2990,,,2024-06-02
217,401,23,1100,,56.37,,,ME,,,,,127 GOOSE POND RD,1280,S,,2024-06-02
100863,401,23,1200,,3.44,,,,,,,,161 GOOSE POND RD,496.6,,,2024-06-02
,401,23,2000,,,,,,CE,,,,,,,Not in Vision?,2024-06-02
219,401,23,3000,,2.82,,,,,,,,149 GOOSE POND RD,192,,,2024-06-02
220,401,24,,,2.00,,,,,,,,153 GOOSE POND RD,265,,,2024-06-02
221,401,25,,,1.70,,,,,,,,157 GOOSE POND RD,215.25,,,2024-06-02
222,401,26,,,5.05,,,,,,,,5 PELTON LN,953.9,,,2024-06-02
223,401,27,,,11.67,,,ME,,,,,32 PELTON LN,468.5,,,2024-06-02
224,401,28,,,5.97,,,ME,,,,,12 PELTON LN,313.9,,,2024-06-02
225,401,29,,,6.10,,,,,,,,342 BAKER HILL RD,658.72,,,2024-06-02
229,401,30,1000,,2.60,,,,,,,,320 BAKER HILL RD,426.53,,,2024-06-02
230,401,30,2000,,29.40,,,,CE,,,,330 BAKER HILL RD,458.47,,Partial easement?,2024-06-02
231,401,31,1000,,1.03,,,,,,,,162 GOOSE POND RD,226.39,,,2024-06-02
102854,401,31,2000,,1.04,,,,,,,,158 GOOSE POND RD,235.74,,,2024-06-02
232,401,32,,,0.45,,,,,,,,156 GOOSE POND RD,100,,,2024-06-02
233,401,33,,,0.45,,,,,,,,154 GOOSE POND RD,100,,,2024-06-02
234,401,34,,,1.90,,,,,,,,148 GOOSE POND RD,415,S,,2024-06-02
235,401,35,,,6.20,,,,,,,,144 GOOSE POND RD,30,,,2024-06-02
236,401,36,,,0.91,,,,,,,,142 GOOSE POND RD,200,,,2024-06-02
237,401,37,,,0.47,,,,,,,,138 GOOSE POND RD,100,,,2024-06-02
238,401,38,,,2.60,,,,,,,,104 GOOSE POND RD,300.2,,,2024-06-02
241,401,39,,,174.00,,,,,,,,72 GOOSE POND RD,3840,S,,2024-06-02
243,401,40,,,1.10,,,,,,,,54 GOOSE POND RD,830,,,2024-06-02
244,401,41,,,0.07,,,,,,,,40 GOOSE POND RD,100,S,,2024-06-02
245,401,42,,,0.54,,,,,,,,36 GOOSE POND RD,245,,,2024-06-02
246,401,43,,,32.80,,,,CE,,,,20 DARTMOUTH COLLEGE HY,1893.34,,,2024-06-02
247,401,44,,,1.10,,,,,,,,1 DARTMOUTH COLLEGE HY,270,S,,2024-06-02
248,401,45,,,2.40,,,,,,,,7 HEWS LN,240,,,2024-06-02
249,401,46,,,2.80,,,,,,,,13 HEWS LN,335.8,,,2024-06-02
250,401,47,,,21.00,,,,,,,,17 HEWS LN,40.1,,,2024-06-02
251,401,48,,,19.03,,,,CE,,,,20 HEWS LN,592.76,S,Partial easement?,2024-06-02
252,401,49,,,28.65,,,,,,,,10 HEWS LN,20,,,2024-06-02
253,401,50,,,2.40,,,,,,,,8 HEWS LN,135,,,2024-06-02
254,401,51,,,53.90,,,CE,CE,,,,43 DARTMOUTH COLLEGE HY,2608.63,,Partial - along Route 10,2024-06-02
255,401,52,,,2.20,,,,,,,,61 DARTMOUTH COLLEGE HY,300,,,2024-06-02
256,401,53,1000,,3.20,,,,,,,,63-69 DARTMOUTH COLLEGE HY,533.54,,,2024-06-02
102956,401,53,2000,,25.00,,,,,,,,DARTMOUTH COLLEGE HY,0,,ROW to Rt 10,2024-06-02
257,401,54,,,2.40,,,,,,,,77 DARTMOUTH COLLEGE HY,350,,,2024-06-02
100142,401,55,101,,0.00,,,CE,CE,,,,85 DARTMOUTH COLLEGE HY #1010,804.4,,85 DCH,2024-06-02
100162,401,55,102,,0.00,,,,,,,,85 DARTMOUTH COLLEGE HY #1020,,,,2024-06-02
100163,401,55,103,,0.00,,,,,,,,85 DARTMOUTH COLLEGE HY #1030,,,,2024-06-02
100182,401,55,104,,0.00,,,,,,,,85 DARTMOUTH COLLEGE HY #1040,,,,2024-06-02
100164,401,55,105,,0.00,,,,,,,,85 DARTMOUTH COLLEGE HY #1050,,,,2024-06-02
100583,401,55,123,,0.00,,,,,,,,95 DARTMOUTH COLLEGE HY #1234,,,,2024-06-02
100422,401,55,201,,0.00,,,,,,,,85 DARTMOUTH COLLEGE HY #2010,,,,2024-06-02
100442,401,55,202,,0.00,,,,,,,,85 DARTMOUTH COLLEGE HY #2020,,,,2024-06-02
100462,401,55,203,,0.00,,,,,,,,85 DARTMOUTH COLLEGE HY #2030,,,,2024-06-02
100463,401,55,204,,0.00,,,,,,,,85 DARTMOUTH COLLEGE HY #2040,,,,2024-06-02
258,401,55,301,,0.00,,,,,,,,85 DARTMOUTH COLLEGE HY #3010,,,,2024-06-02
100502,401,55,401,,0.00,,,,,,,,85 DARTMOUTH COLLEGE HY #4010,,,,2024-06-02
100482,401,55,403,,0.00,,,,,,,,85 DARTMOUTH COLLEGE HY #4030,,,,2024-06-02
100503,401,55,404,,0.00,,,,,,,,85 DARTMOUTH COLLEGE HY #4040,,,,2024-06-02
100522,401,55,501,,0.00,,,,,,,,85 DARTMOUTH COLLEGE HY #5010,,,,2024-06-02
100523,401,55,502,,0.00,,,,,,,,85 DARTMOUTH COLLEGE HY #5020,,,,2024-06-02
100542,401,55,601,,0.00,,,,,,,,85 DARTMOUTH COLLEGE HY #6010,,,,2024-06-02
100184,401,55,701,,0.00,,,,,,,,85 DARTMOUTH COLLEGE HY #7010,,,,2024-06-02
100543,401,55,801,,0.00,,,,,,,,85 DARTMOUTH COLLEGE HY #8010,,,,2024-06-02
100562,401,55,901,,0.00,,,,,,,,85 DARTMOUTH COLLEGE HY #9010,,,,2024-06-02
100563,401,55,902,,0.00,,,,,,,,85 DARTMOUTH COLLEGE HY #9020,,,,2024-06-02
100582,401,55,903,,0.00,,,,,,,,85 DARTMOUTH COLLEGE HY #9030,,,,2024-06-02
259,401,56,,,136.00,,,ME,CE,,,,101 DARTMOUTH COLLEGE HY,1625,S,Crossroads,2024-06-02
260,401,57,,,0.83,,,,,,,,82 RIVER RD,98.76,,,2024-06-02
100722,401,58,,,1.70,,,,,,,,5 WILMOTT WY,221.4,,,2024-06-02
267,401,59,,,5.78,,,,,,,,7 WILMOTT WY,671.7,,,2024-06-02
270,401,60,,,4.91,,,,,,,,21 WILMOTT WY,276.9,,,2024-06-02
271,401,61,,,2.10,,,,,,,,25 WILMOTT WY,291.6,,,2024-06-02
272,401,62,,,1.30,,E,,,,,,30 WILMOTT WY (LAND ONLY),336.18,,Town of Lyme-Wilmot Way,2024-06-02
273,401,63,,,2.01,,,,,,,,34 WILMOTT WY,0,,Abuts turnaround,2024-06-02
274,401,64,,,6.00,,,,,,,,20 WILMOTT WY,684.97,,,2024-06-02
275,401,65,,,2.50,,,,,,,,12 WILMOTT WY,260.6,,,2024-06-02
276,401,66,,,1.50,,,,,,,,6 WILMOTT WY,341.8,,,2024-06-02
277,401,67,,,4.40,,,,CE,,,,62 RIVER RD,801.9,,,2024-06-02
278,401,68,,,43.47,,,,,,,,50 RIVER RD,810.7,,,2024-06-02
279,401,69,,,3.50,,,,,,,,38 RIVER RD,250.5,,,2024-06-02
280,401,70,,,63.50,,,,,,,,20 RIVER RD,2080.7,,,2024-06-02
283,401,71,,,23.00,,,,,,,,1 HOVEY ISLAND,4910,,Island in Ct River,2024-06-02
,401,72,,,,,,,,401,70,,,0,,Frontage ?,2024-06-02
,401,73,,,,,,,,401,68,,,180,S,,2024-06-02
287,401,74,,,0.90,,,,,,,,51 RIVER RD,352,,,2024-06-02
288,401,75,,,1.90,,,,,,,,61 RIVER RD,380,,,2024-06-02
,401,76,,NoParcel,,,,,,,,,,,,,2024-06-02
290,401,77,,,11.20,,,ME,,,,,75 RIVER RD,783,S,,2024-06-02
291,401,78,,,20.00,,,,CE,,,,85 RIVER RD,610,,,2024-06-02
383,401,79,,,76.00,,,,,,,,96 RIVER RD,????,,Not Shown?,2024-06-02
292,402,1,1000,,86.00,,,,,,,,294 DARTMOUTH COLLEGE HY,1400,,,2024-06-02
101182,402,1,2000,,7.92,,,,,,,,89 WASHBURN HILL RD,553.28,,,2024-06-02
,402,2,,NoParcel,,,,,,,,,,,,,2024-06-02
294,402,3,,,37.30,,,,,,,,252 DARTMOUTH COLLEGE HY,1430,S,,2024-06-02
295,402,4,,,0.53,,,,,,,,246 DARTMOUTH COLLEGE HY,69,,,2024-06-02
296,402,4,1,,0.00,,,,,,,,246 DARTMOUTH COLLEGE HY,,,Not Shown?,2024-06-02
297,402,5,,,4.80,,,,,,,,244 DARTMOUTH COLLEGE HY,95,S,,2024-06-02
298,402,6,,,0.67,,,,,,,,240 DARTMOUTH COLLEGE HY,165,S,,2024-06-02
299,402,7,,,0.92,,,,,,,,234 DARTMOUTH COLLEGE HY,275,,,2024-06-02
300,402,8,,,0.40,,,,,,,,232 DARTMOUTH COLLEGE HY,130,,,2024-06-02
301,402,9,,,12.50,,,,,,,,226 DARTMOUTH COLLEGE HY,445,S,,2024-06-02
,402,10,,NoParcel,,,,,,,,,,,,,2024-06-02
303,402,11,,,7.90,,,,,,,,23 WASHBURN HILL RD,710,,,2024-06-02
,402,12,,,,,,,,402,18,2000,,,,Triangle,2024-06-02
,402,13,,,,,,,CE,402,16,,,319,,,2024-06-02
306,402,14,,,3.10,,,,,,,,69 WASHBURN HILL RD,360,,,2024-06-02
307,402,15,1000,,18.44,,,,,,,,77 WASHBURN HILL RD,510.71,,,2024-06-02
100401,402,15,2000,,37.66,,,ME,,,,,65 WASHBURN HILL RD,73,,,2024-06-02
308,402,16,,,3.31,,,,,,,,64 WASHBURN HILL RD,243.6,,,2024-06-02
309,402,17,,,79.70,,,,CE,,,,66 WASHBURN HILL RD,1246.8,,,2024-06-02
100000,402,18,1000,,15.33,,,,,,,,106 PRESTON RD,598.08,,,2024-06-02
310,402,18,2000,,15.78,,,,,,,,108 PRESTON RD,333.42,,,2024-06-02
311,402,19,,,146.10,,,,,,,,92 PRESTON RD,1303.9,,,2024-06-02
,402,20,,NoParcel,,,,,,,,,,,,,2024-06-02
313,402,21,,,48.80,,,,,,,,50 PRESTON RD,1049.9,,,2024-06-02
,402,22,,,,,,,,401,2,,,237,,,2024-06-02
315,402,23,,,7.00,,,,,,,,45 PRESTON RD,399.6,,,2024-06-02
316,402,24,,,10.00,,,,,,,,55 PRESTON RD,599.9,,,2024-06-02
317,402,25,,,2.00,,,,,,,,71 PRESTON RD,200,,,2024-06-02
319,402,26,1000,,5.09,,,,,,,,69 PRESTON RD,363,,,2024-06-02
320,402,26,2000,,57.70,,,,,,,,81 PRESTON RD,1200,,,2024-06-02
321,402,27,,,1.10,,,,,,,,97 PRESTON RD,290,,,2024-06-02
322,402,28,,,22.00,,,,,,,,20 WASHBURN HILL RD,1565,,,2024-06-02
323,402,29,,,2.00,,,,,,,,218 DARTMOUTH COLLEGE HY,417,,,2024-06-02
324,402,30,,,1.50,,,,,,,,208 DARTMOUTH COLLEGE HY,246,,,2024-06-02
325,402,31,,,5.90,,,,,,,,204 DARTMOUTH COLLEGE HY,600,S,,2024-06-02
326,402,32,,,2.26,,,,,,,,188 DARTMOUTH COLLEGE HY,301,,,2024-06-02
327,402,33,,,4.30,,,,,,,,180 DARTMOUTH COLLEGE HY,440,,,2024-06-02
328,402,34,,,2.90,,,,,,,,174 DARTMOUTH COLLEGE HY,490,,,2024-06-02
329,402,35,,,0.47,,,,,,,,166 DARTMOUTH COLLEGE HY,160,,,2024-06-02
330,402,36,,,13.90,,,,,,,,156 DARTMOUTH COLLEGE HY,721.7,,,2024-06-02
331,402,37,,,1.50,,,,,,,,150 DARTMOUTH COLLEGE HY,190,,,2024-06-02
101622,402,37,100,,12.52,,,,,,,,3 PRESTON RD,413.3,,,2024-06-02
,402,38,,NoParcel,,,,,,,,,,,,,2024-06-02
333,402,39,,,1.80,,E,,,,,,39 SHOESTRAP RD (OLD DUMP),550,S,Town Land on Shoestrap,2024-06-02
334,402,40,,,68.90,,,,,,,,114 RIVER RD,1140,,,2024-06-02
335,402,41,,,2.70,,,,,,,,12 MAPLE LN,567,,,2024-06-02
336,402,42,,,3.40,,,,,,,,11 MAPLE LN,433.45,,,2024-06-02
337,402,43,,,3.00,,,,,,,,17 MAPLE LN,309,,,2024-06-02
100742,402,44,,,15.00,,,,,,,,19 MAPLE LN,900,S,,2024-06-02
339,402,45,,,0.95,,,,,,,,48 SHOESTRAP RD,136,,,2024-06-02
340,402,46,,,7.40,,,,,,,,38 SHOESTRAP RD,570,,,2024-06-02
341,402,47,,,0.34,,,,,,,,30 SHOESTRAP RD,155,S,,2024-06-02
343,402,48,,,7.00,,,,,,,,28 SHOESTRAP RD,121.5,,,2024-06-02
344,402,49,,,93.00,,,,,,,,16 SHOESTRAP RD,1110,S,,2024-06-02
345,402,50,,,3.78,,,,,,,,2 SHOESTRAP RD,186.17,,,2024-06-02
346,402,51,,,0.87,,E,,,,,,155 DARTMOUTH COLLEGE HY,256.58,,,2024-06-02
347,402,52,,,31.00,,,,,,,,163 DARTMOUTH COLLEGE HY,1610,S,,2024-06-02
348,402,53,,,3.18,,,,,,,,173 DARTMOUTH COLLEGE HY,300,,,2024-06-02
349,402,54,,,37.30,,,,,,,,183 DARTMOUTH COLLEGE HY,0,,ROW from 402/57,2024-06-02
350,402,55,,,15.80,,,,,,,,199 DARTMOUTH COLLEGE HY,633.23,,,2024-06-02
351,402,56,,,3.10,,,,,,,,211 DARTMOUTH COLLEGE HY,400,S,,2024-06-02
355,402,57,,,122.40,,,,,,,,215 DARTMOUTH COLLEGE HY,179.3,,,2024-06-02
,402,58,,NoParcel,,,,,,,,,,,,,2024-06-02
357,402,59,,,3.30,,,,,,,,223 DARTMOUTH COLLEGE HY,549.6,,,2024-06-02
358,402,60,,,0.38,,,,,,,,229 DARTMOUTH COLLEGE HY,65,,,2024-06-02
359,402,61,,,1.10,,,,,,,,233 DARTMOUTH COLLEGE HY,270,,,2024-06-02
360,402,62,,,0.62,,,,,,,,241 DARTMOUTH COLLEGE HY,335,,,2024-06-02
361,402,63,,,40.00,,,,,,,,259 DARTMOUTH COLLEGE HY,1420,S,,2024-06-02
,402,64,,,,,,,,402,1,1000,,530,S,,2024-06-02
363,402,65,,,0.66,,,,,,,,5 SLOAN LN,205,S,,2024-06-02
364,402,66,,,0.33,,,,,,,,7 SLOAN LN,75,,,2024-06-02
365,402,67,,,48.48,,,ME,,,,,19 SLOAN LN,125,,Approx frontage,2024-06-02
,402,68,,NoParcel,,,,,,,,,,,,,2024-06-02
,402,69,,NoParcel,,,,,,,,,,,,,2024-06-02
368,402,70,,,0.51,,,,,,,,8 SLOAN LN,175,,,2024-06-02
369,402,71,,,45.73,,,ME,CE,,,,264 RIVER RD,741.9,,Partial easement?,2024-06-02
370,402,72,,,58.00,,,,,,,,240 RIVER RD,829.4,,,2024-06-02
371,402,73,,,2.18,,,,,,,,234 RIVER RD,225,,,2024-06-02
372,402,74,1000,,9.80,,,,,,,,228 RIVER RD,525,,,2024-06-02
101462,402,74,2000,,6.60,,,,,,,,230 RIVER RD,0,,ROW from 402/72,2024-06-02
103036,402,75,,,47.80,,,,,,,,216 RIVER RD,490.4,,Shown as NoParcel????,2024-06-02
,402,76,,NoParcel,,,,,,,,,,,,,2024-06-02
375,402,77,,,7.06,,,,,,,,202 RIVER RD,694.4,,,2024-06-02
376,402,78,,,50.50,,,,,,,,192 RIVER RD,1299,,,2024-06-02
377,402,79,,,115.00,,,,,,,,64 SHOESTRAP RD,1808.4,,,2024-06-02
378,402,80,,,0.63,,,,,,,,136 RIVER RD,269.83,,,2024-06-02
379,402,81,,,1.00,,,,,,,,130 RIVER RD,400,,,2024-06-02
380,402,82,,,2.10,,,,,,,,3 MAPLE LN,347,,,2024-06-02
381,402,83,,,0.53,,,,,,,,2 MAPLE LN,372,,,2024-06-02
382,402,84,,,0.94,,,,,,,,116 RIVER RD,198,,,2024-06-02
102770,402,85,,,38.81,,,,CE,,,,100 RIVER RD,1236.97,,Partial easement?,2024-06-02
384,402,86,,,18.00,,,,,,,,91 RIVER RD,560,,,2024-06-02
385,402,87,,,1.55,,,,,,,,101 RIVER RD,260,,,2024-06-02
102759,402,88,,,2.10,,,,CE,,,,105 RIVER RD,250,S,,2024-06-02
387,402,89,,,1.00,,E,,CE,,,,111 RIVER RD (HEWES BROOK PRE,350,,Town,2024-06-02
388,402,90,,,3.50,,,,,,,,117 RIVER RD,295,,,2024-06-02
389,402,91,,,0.34,,,,,,,,123 RIVER RD,264.5,,,2024-06-02
390,402,92,,,8.60,,,,,,,,129 RIVER RD,259.75,,,2024-06-02
391,402,93,,,1.30,,,,,,,,131 RIVER RD,100,,,2024-06-02
392,402,94,,,2.30,,,,,,,,133+137 RIVER RD,286.6,,,2024-06-02
,402,95,,NoParcel,,,,,,,,,,,,,2024-06-02
394,402,96,,,1.80,,,,,,,,139 RIVER RD,200,,,2024-06-02
395,402,97,,,2.33,,,,,,,,143 RIVER RD,356.02,,,2024-06-02
,402,98,,NoParcel,,,,,,,,,,,,,2024-06-02
,402,99,,NoParcel,,,,,,,,,,,,,2024-06-02
398,402,100,,,2.15,,,,,,,,155 RIVER RD,461.65,,,2024-06-02
399,402,101,,,1.00,,,,,,,,161 RIVER RD,500,,,2024-06-02
400,402,102,,,1.80,,,,,,,,207 RIVER RD,320,,,2024-06-02
401,402,103,,,44.00,,E,,,,,,187 RIVER RD,4200,,St of NH,2024-06-02
402,402,104,,,6.60,,,,,,,,261 RIVER RD,660,,,2024-06-02
101325,403,1,,,54.32,,,,CE,,,,310 DARTMOUTH COLLEGE HY,577.12,,,2024-06-03
,403,2,,NoParcel,,,,,,,,,,,,,2024-06-03
405,403,3,,,1.20,,,,,,,,300 DARTMOUTH COLLEGE HY,200,,,2024-06-03
,403,4,,,,,E,,,201,54,,,,,Lyme Cong. Church,2024-06-03
407,403,5,,,41.08,,,,,,,,39 EAST THETFORD RD,1425,,,2024-06-03
408,403,6,,,1.00,,,,,,,,53 EAST THETFORD RD,132,,,2024-06-03
,403,7,,NoParcel,,,,,,,,,,,,,2024-06-03
415,403,8,,,24.03,,,,CE,,,,79 EAST THETFORD RD,1646.7,,Partial easement,2024-06-03
417,403,9,,,52.81,,,,,,,,101 EAST THETFORD RD,1400,,,2024-06-03
418,403,10,,,5.81,,,,,,,,119 EAST THETFORD RD,459.2,,,2024-06-03
427,403,11,,,2.63,,,,,,,,125 EAST THETFORD RD,625,,,2024-06-03
429,403,12,,,11.66,,,,,,,,278 RIVER RD,441.8,,,2024-06-03
,403,13,,,,,,,CE,402,104,,,856.74,,Partial easement,2024-06-03
,403,14,,,,,,,,403,9,,,955,S,,2024-06-03
432,403,15,,,0.15,,,,,,,,299 RIVER RD,108,,,2024-06-03
433,403,16,,,0.14,,,,,,,,301 RIVER RD,116,,,2024-06-03
434,403,17,,,0.21,,,,,,,,303 RIVER RD,174,,,2024-06-03
435,403,18,,,0.15,,,,,,,,307 RIVER RD,116.9,,,2024-06-03
436,403,19,,,0.37,,,,,,,,311 RIVER RD,220,,,2024-06-03
437,403,20,,,0.92,,,,,,,,315 RIVER RD,356,,,2024-06-03
438,403,21,,,0.69,,,,,,,,319 RIVER RD,198,,,2024-06-03
439,403,22,,,0.38,,,,,,,,323 RIVER RD,105,,,2024-06-03
440,403,23,,,0.58,,,,,,,,327 RIVER RD,120,,,2024-06-03
441,403,24,,,3.70,,,,CE,,,,331 RIVER RD,440,,,2024-06-03
442,403,25,,,0.66,,,,,,,,339 RIVER RD,300,S,,2024-06-03
,403,26,,,,,,,CE,403,37,,,1250,S,,2024-06-03
103016,403,27,,,58.10,,,,CE,,,,375 RIVER RD,3285,,,2024-06-03
,403,28,,,,,,,,404,20,,,650,,,2024-06-03
446,403,29,1000,,93.05,,,,,,,,376 RIVER RD,2540,,,2024-06-03
102736,403,29,2000,,13.99,,,,,,,,25 LAMPHIRE HILL LN,944.57,,,2024-06-03
447,403,30,,,4.93,,,,,,,,37 LAMPHIRE HILL LN,404.3,,,2024-06-03
448,403,31,,,16.00,,,,,,,,41 LAMPHIRE HILL LN,675,S,,2024-06-03
,403,32,,,,,,,,403,33,,,480,,,2024-06-03
450,403,33,,,395.70,,,,CE,,,,70 LAMPHIRE HILL LN,1370,S,Partial easement? Needs lot joiner to CE land,2024-06-03
,403,34,,NoParcel,,,,,,,,,,,,,2024-06-03
102763,403,35,,,34.00,,,,,,,,50 LAMPHIRE HILL LN,370,S,,2024-06-03
,403,36,,NoParcel,,,,,,,,,,546,,BUT it's shown on map??,2024-06-03
454,403,37,,,147.00,,,,CE,,,,34 LAMPHIRE HILL LN,111,,,2024-06-03
,403,38,,,,,,,,403,29,2000,,1100,S,,2024-06-03
,403,39,,,,,,,,403,29,1000,,474.28,,,2024-06-03
457,403,40,,,34.94,,,,CE,,,,360 RIVER RD,1136.3,,Partial easement,2024-06-03
458,403,41,,,5.10,,,,,,,,336 RIVER RD,440,,,2024-06-03
459,403,42,,,4.48,,,,,,,,330 RIVER RD,422.2,,,2024-06-03
460,403,43,,,28.10,,,,,,,,120 EAST THETFORD RD,1160,,,2024-06-03
461,403,44,,,22.00,,,,,,,,106 EAST THETFORD RD,807,,,2024-06-03
462,403,45,,,13.00,,,,,,,,84 EAST THETFORD RD,1000,,,2024-06-03
463,403,46,,,30.68,,,,CE,,,,72 EAST THETFORD RD,685.86,,,2024-06-03
465,403,47,,,36.20,,,,CE,,,,7 RECORDRIDGE LN,520,S,,2024-06-03
469,403,48,,,10.20,,,,,,,,15 RECORDRIDGE LN,891.7,,Shares CE with 403/51,2024-06-03
,403,49,,NoParcel,,,,,,,,,,,,,2024-06-03
,403,50,,NoParcel,,,,,,,,,,,,,2024-06-03
472,403,51,,,14.90,,,,,,,,26 RECORDRIDGE LN,0,,ROW from 403/52,2024-06-03
473,403,52,,,10.40,,,,CE,,,,24 RECORDRIDGE LN,157,,Partial easement,2024-06-03
474,403,53,,,5.70,,,ME,,,,,20 RECORDRIDGE LN,763.21,,Who owns betw. 53 & 54??????,2024-06-03
475,403,54,,,40.70,,,,,,,,18 EAST THETFORD RD,966.9,,,2024-06-03
476,404,1,,,37.40,,,,,,,,31 STORRS HILL LN,1369,,,2024-06-03
,404,2,,NoParcel,,,,,,,,,,,,,2024-06-03
478,404,3,,,215.00,,,,,,,,46 STORRS HILL LN,136.6,,No frontage???,2024-06-03
479,404,4,,,103.00,,,,,,,,28 STORRS HILL LN,1320,S,,2024-06-03
480,404,5,,,13.20,,,,,,,,97 NORTH THETFORD RD,880,,,2024-06-03
,404,6,,NoParcel,,,,,,,,,,,,,2024-06-03
482,404,7,,,15.00,,,,,,,,105 NORTH THETFORD RD,1230,S,,2024-06-03
483,404,8,,,0.06,,,,,,,,111 NORTH THETFORD RD,40,,,2024-06-03
484,404,9,,,2.30,,,,,,,,131 NORTH THETFORD RD,454,,,2024-06-03
,404,10,,,,,,,CE,404,32,,,1137.8,,Partial easement,2024-06-03
486,404,11,,,8.16,,,,,,,,161 NORTH THETFORD RD,704.9,,,2024-06-03
487,404,12,,,1.84,,,,,,,,175 NORTH THETFORD RD,334.4,,,2024-06-03
488,404,13,,,1.78,,,,,,,,534 RIVER RD,180,,,2024-06-03
489,404,14,,,0.86,,,,,,,,530 RIVER RD,130,S,,2024-06-03
490,404,15,,,0.98,,,,,,,,526 RIVER RD,215,S,,2024-06-03
491,404,16,,,103.00,,,,CE,,,,522 RIVER RD,810,S,Partial easement,2024-06-03
492,404,17,,,5.83,,,,,,,,520 RIVER RD,0,,ROW from 404/16,2024-06-03
493,404,18,,,66.10,,,,,,,,498 RIVER RD,1600,S,,2024-06-03
494,404,19,,,120.00,,,,,,,,474 RIVER RD,2612,,,2024-06-03
495,404,20,,,7.36,,,,,,,,429 RIVER RD,1360,,,2024-06-03
,404,21,,,,,,,,404,19,,,1265,S,,2024-06-03
,404,22,,,,,,,,404,20,,,1140,S,,2024-06-03
,404,23,,,,,,,,404,15,,,130,S,,2024-06-03
,404,24,,,,,,,,404,14,,,140,S,,2024-06-03
,404,25,,,,,,,,404,13,,,195,S,,2024-06-03
501,404,26,,,0.96,,,,,,,,535 RIVER RD,160,S,,2024-06-03
,404,27,,,,,,,,404,26,,,50,S,,2024-06-03
,404,28,,,,,,,,404,26,,,450,S,,2024-06-03
,404,29,,,,,,,CE,404,32,,,770,S,,2024-06-03
505,404,30,,,29.00,,,,CE,,,,599 RIVER RD,1270,,,2024-06-03
506,404,31,,,9.00,,,,,,,,21 GREGORY RD,575,,,2024-06-03
507,404,32,,,122.50,,,ME,CE,,,,560 RIVER RD,1965,,Partial easement,2024-06-03
,404,33,,NoParcel,,,,,,,,,,,,,2024-06-03
509,404,34,,,1.70,,,,,,,,25 BRECK HILL RD,209,,,2024-06-03
510,404,35,,,13.20,,,,CE,,,,7 GREGORY RD,881.3,,,2024-06-03
511,404,36,,,2.50,,,,,,,,9 GREGORY RD,0,,ROW from 404/35,2024-06-03
512,404,37,,,35.34,,,,,,,,40 BRECK HILL RD,330,,,2024-06-03
513,404,38,,,5.40,,,,CE,,,,34 BRECK HILL RD,200,,,2024-06-03
514,404,39,,,14.46,,,,CE,,,,30 BRECK HILL RD,326.9,,,2024-06-03
515,404,40,,,2.70,,,,,,,,24 BRECK HILL RD,313,,,2024-06-03
,404,41,,NoParcel,,,,,,,,,,,,,2024-06-03
517,404,42,,,16.40,,,,,,,,2 BRECK HILL RD,790,S,,2024-06-03
518,404,43,,,7.10,,,,,,,,120 NORTH THETFORD RD,629,,,2024-06-03
519,404,44,,,2.20,,,,,,,,108 NORTH THETFORD RD,435.5,,,2024-06-03
520,404,45,,,3.80,,,,,,,,100 NORTH THETFORD RD,445,,,2024-06-03
102916,404,46,,,62.00,,,,CE,,,,94 NORTH THETFORD RD,277.2,,,2024-06-03
522,404,47,,,2.00,,,,,,,,88 NORTH THETFORD RD,300,,,2024-06-03
526,404,48,1000,,6.23,,,,,,,,74 NORTH THETFORD RD,311.36,,,2024-06-03
527,404,48,2000,,5.78,,,,,,,,68 NORTH THETFORD RD,628.32,,,2024-06-03
,404,49,,,,,,,CE,407,27,,,,,Also part of 404/3?,2024-06-03
100263,404,50,,,8.63,,,,,,,,78 NORTH THETFORD RD,435,,,2024-06-03
100264,404,51,,,11.46,,,,,,,,80 NORTH THETFORD RD,0,,No frontage???,2024-06-03
529,405,1,,,2.92,,,,,,,,43 BRECK HILL RD,0,,ROW from 405/2,2024-06-18
530,405,2,,,6.91,,,,CE,,,,59 BRECK HILL RD,1266.5,,,2024-06-18
100622,405,3,,,8.26,,,,CE,,,,81 BRECK HILL RD,1270,,,2024-06-18
532,405,4,,,5.07,,,,,,,,89 BRECK HILL RD,0,,ROW from 405/3,2024-06-18
533,405,5,,,14.53,,,,CE,,,,99 BRECK HILL RD,675,,,2024-06-18
,405,6,,,,,,,,405,45,1000,,420,,,2024-06-18
100322,405,7,,,14.78,,,,CE,,,,117 BRECK HILL RD,570.52,,,2024-06-18
537,405,8,,,4.06,,,,,,,,125 BRECK HILL RD,452.82,,,2024-06-18
538,405,9,,,18.29,,,,CE,,,,133 BRECK HILL RD,929.7,S,,2024-06-18
,405,10,,NoParcel,,,,,,,,,,,,,2024-06-18
540,405,11,,,23.20,,,,CE,,,,722 RIVER RD,1853.6,,,2024-06-18
,405,12,,,,,,,,405,33,,,950,S,,2024-06-18
542,405,13,,,1.80,,,,,,,,668 RIVER RD,0,,ROW from 405/14,2024-06-18
543,405,14,,,13.64,,,,,,,,664 RIVER RD,230.48,,,2024-06-18
544,405,15,,,1.20,,,,,,,,658 RIVER RD,325,,,2024-06-18
545,405,16,,,0.98,,,,,,,,652+654 RIVER RD,227.88,,,2024-06-18
546,405,17,,,14.70,,,,,,,,644 RIVER RD,421.5,,,2024-06-18
547,405,18,,,5.59,,,,,,,,642 RIVER RD,454.5,,,2024-06-18
,405,19,,,,,,,,405,28,,,430,,,2024-06-18
102766,405,20,,,1.80,,,,,,,,616 RIVER RD,200,,,2024-06-18
552,405,21,,,41.00,,,,,,,,614 RIVER RD,225,S,,2024-06-18
557,405,22,1000,,8.90,,,,,,,,610 RIVER RD,650,S,,2024-06-18
558,405,22,2000,,2.40,,,,,,,,608 RIVER RD,0,,No ROW?,2024-06-18
559,405,23,,,11.50,,,,CE,,,,10 GREGORY RD,1480,,,2024-06-18
560,405,24,,,1.60,,,,,,,,591 RIVER RD,570,S,,2024-06-18
561,405,25,,,0.36,,,,,,,,597 RIVER RD (PORTER CEMETERY,40.8,,Cemetery,2024-06-18
100822,405,26,,,22.64,,,,,,,,605 RIVER RD,425,S,,2024-06-18
563,405,27,,,7.60,,,,,,,,609 RIVER RD,459.3,,,2024-06-18
564,405,28,,,54.60,,,,,,,,625 RIVER RD,580,,,2024-06-18
565,405,29,,,21.00,,,,,,,,639 RIVER RD,1186,,,2024-06-18
569,405,30,1000,,22.56,,,,,,,,651 RIVER RD,172.3,,,2024-06-18
570,405,30,2000,,27.54,,,,,,,,655 RIVER RD,554.8,,,2024-06-18
571,405,31,,,3.00,,,,,,,,667 RIVER RD,233.1,,,2024-06-18
572,405,32,,,0.93,,,,,,,,669 RIVER RD,72,,,2024-06-18
101542,405,33,,,105.90,,,,,,,,675 RIVER RD,1750,,,2024-06-18
,405,34,,NoParcel,,,,,,,,,,,,,2024-06-18
575,405,35,,,21.50,,,,CE,,,,711 RIVER RD,1058.21,,,2024-06-18
576,405,36,,,18.43,,,,CE,,,,729 RIVER RD,1242.42,,,2024-06-18
,405,37,,,,,,,CE,405,36,,,450,,,2024-06-18
578,405,38,1000,,12.58,,,,CE,,,,765 RIVER RD,673.9,,,2024-06-18
101342,405,38,2000,,5.00,,,,CE,,,,767 RIVER RD,126.1,,,2024-06-18
579,405,39,,,10.00,,,,CE,,,,772 RIVER RD,846.1,,,2024-06-18
580,405,40,,,7.00,,E,,,,,,748 RIVER RD,0,,Montshire/ROW from 405/39,2024-06-18
,405,41,,NoParcel,,,,,,,,,,,,,2024-06-18
581,405,42,1000,,49.50,,,,CE,,,,736 RIVER RD,429.65,,Partial easement,2024-06-18
582,405,42,2000,,65.00,,,,CE,,,,738 RIVER RD,0,,ROW from 405/42.1,2024-06-18
,405,43,,,,,,,CE,405,9,,,1028.9,,,2024-06-18
584,405,44,,,61.66,,,ME,CE,,,,122 BRECK HILL RD,1028.91,,,2024-06-18
591,405,45,1000,,21.15,,,,CE,,,,100 BRECK HILL RD,697.6,,,2024-06-18
592,405,45,2000,,5.35,,,,CE,,,,92 BRECK HILL RD,536.55,,Partial easement,2024-06-18
593,405,46,,,25.00,,,,CE,,,,80 BRECK HILL RD,544.5,,,2024-06-18
594,405,47,,,8.01,,,,CE,,,,68 BRECK HILL RD,556.8,,,2024-06-18
100602,405,48,,,14.82,,,,CE,,,,64 BRECK HILL RD,0,,ROW from 405/49,2024-06-18
100642,405,49,,,5.00,,,,CE,,,,60 BRECK HILL RD,289.3,,,2024-06-18
597,405,50,,,15.25,,,,,,,,52 BRECK HILL RD,784.63,,,2024-06-18
103253,405,51,,,5.10,,,,,,,,383 ORFORD RD,,,MISSING ON 405,2024-06-18
598,406,1,,,8.80,,E,,,,,,263 ORFORD RD (LAND ONLY),725,S,Town,2024-06-02
,406,2,,,,,,,CE,406,22,2000,,1341.46,,Also on map 405,2024-06-02
600,406,3,,,3.50,,,,,,,,301 ORFORD RD,690,S,,2024-06-02
,406,4,,NoParcel,,,,,,,,,,,,,2024-06-02
103097,406,4,1,,31.56,31.56,,,CE,,,,315 ORFORD RD,0,,Map doesn't show frontage,2024-06-02
102771,406,5,,,1.40,,,,,,,,355 ORFORD RD,0,,No ROW,2024-06-02
603,406,6,,,58.90,,,,,,,,385 ORFORD RD,1000,S,,2024-06-02
,406,7,,,,,,,,406,4,1,,827.27,,,2024-06-02
605,406,8,,,0.90,,,,,,,,393 ORFORD RD,260,S,,2024-06-02
103157,406,9,,,14.00,,,,,,,,399 ORFORD RD,288.7,,,2024-06-02
607,406,10,,,2.50,,,,,,,,396 ORFORD RD,442,,,2024-06-02
611,406,11,,,130.00,,,,,,,,394 ORFORD RD,702,,,2024-06-02
616,406,12,,,4.30,,,,,,,,376 ORFORD RD,378.5,,,2024-06-02
,406,13,,NoParcel,,,,,,,,,,,,,2024-06-02
617,406,14,,,5.81,,,,,,,,368 ORFORD RD,334.71,,,2024-06-02
618,406,15,,,84.50,,,,,,,,346 ORFORD RD,1760,S,Both sides of Rt 10,2024-06-02
103079,406,16,,,60.00,,,,,,,,340 ORFORD RD,0,,No ROW?,2024-06-02
620,406,17,,,85.10,,,,,,,,344 ORFORD RD,0,,No ROW?,2024-06-02
621,406,18,,,17.30,,,,,,,,328 ORFORD RD,400,,,2024-06-02
622,406,19,,,1.75,,,,,,,,320 ORFORD RD,289.19,,,2024-06-02
623,406,20,,,20.00,,,,,,,,314 ORFORD RD,644,,,2024-06-02
624,406,21,,,42.00,,,,,,,,302 ORFORD RD,800,,,2024-06-02
625,406,22,1000,,7.24,7.24,,,CE,,,,280 ORFORD RD,1018.97,,,2024-06-02
100021,406,22,2000,,158.82,158.82,,,CE,,,,288 ORFORD RD,300.75,,,2024-06-02
626,406,23,,,46.89,,,,,,,,264 ORFORD RD,746.53,,,2024-06-02
627,406,24,,,33.00,,,,,,,,129 CULVER HILL LN,0,,No ROW?,2024-06-02
,406,25,,NoParcel,,,,,,,,,,,,,2024-06-02
100361,406,26,,,95.00,,,,,,,,137 MUD TURTLE POND RD,0,,No ROW?,2024-06-02
,406,27,,NoParcel,,,,,,,,,,,,,2024-06-02
,406,28,,NoParcel,,,,,,,,,,,,,2024-06-02
,406,29,,NoParcel,,,,,,,,,,,,,2024-06-02
633,406,30,,,355.00,,,,,,,,85 ORFORDVILLE RD (TOWN FORE,2055,S,Town Forest,2024-06-02
634,406,31,,,207.00,,,,,,,,111 MUD TURTLE POND RD,1239,S,,2024-06-02
635,406,32,,,0.96,,,,,,,,121 MUD TURTLE POND RD,200,S,,2024-06-02
636,406,33,,,1.10,,,,,,,,131 MUD TURTLE POND RD,175,,,2024-06-02
637,406,34,,,2.00,,,,,,,,135 MUD TURTLE POND RD,293.91,,,2024-06-02
638,406,35,,,57.00,,,,,,,,132+4 MUD TURTLE POND RD,805,S,,2024-06-02
639,406,36,,,75.00,75.00,,,CE,,,,10 TAVERN LN,0,,No ROW?,2024-06-02
,407,1,,,,,,,,407,141,,,190,,,2024-06-02
,407,2,,,,,,,,407,140,,,475,,,2024-06-02
,407,3,,,,,,,,407,138,,,490,S,,2024-06-02
643,407,4,,,2.20,2.20,E,,,,,,105 ORFORD RD (LAND ONLY),274,,Town,2024-06-02
102814,407,5,1000,,11.80,11.80,E,,,,,,111 ORFORD RD (REC AREA),1035,S,Town,2024-06-02
102815,407,5,2000,,21.02,21.02,E,,,,,,115 ORFORD RD (CHAFFEE),795,S,Town Chafee,2024-06-02
645,407,6,,,2.10,,,,,,,,149 ORFORD RD,450,S,,2024-06-02
,407,7,,,,,,,CE,407,31,,,1280,S,,2024-06-02
647,407,8,,,11.60,,,,,,,,31 POST POND LN,610,S,,2024-06-02
648,407,9,,,2.20,,,,,,,,41 POST POND LN,435,,,2024-06-02
649,407,10,,,0.42,,,,,,,,45 POST POND LN,83,,,2024-06-02
650,407,11,,,0.39,,,,,,,,47 POST POND LN,70,S,,2024-06-02
651,407,12,,,0.52,,,ME,,,,,49 POST POND LN,80,S,,2024-06-02
652,407,13,,,0.18,0.52,,,,,,,51 POST POND LN,100,S,,2024-06-02
653,407,14,,,0.46,,,,,,,,53 POST POND LN,118,,,2024-06-02
654,407,15,,,50.65,,,,,,,,55 POST POND LN,107,,,2024-06-02
655,407,16,,,1.31,,,,,,,,57 POST POND LN,282.1,,,2024-06-02
103057,407,17,,,0.64,,,,,,,,61 POST POND LN,287.8,,,2024-06-02
,407,18,,NoParcel,,,,,,,,,,,,Not shown???,2024-06-02
659,407,19,,,0.17,,,,,,,,65 POST POND LN,64.7,,,2024-06-02
664,407,20,,,0.52,,,,,,,,67 POST POND LN,0,,No ROW?,2024-06-02
667,407,21,,,0.15,,,,,,,,69 POST POND LN,0,,No ROW?,2024-06-02
673,407,22,,,12.71,,,,,,,,72 POST POND LN,0,,ROW from 407/23,2024-06-02
675,407,23,,,17.04,,,,,,,,62 POST POND LN,229.6,,,2024-06-02
,407,24,,,,,,,CE,407,16,,,168.9,,,2024-06-02
,407,25,,,,0.01,,,,,,,,25,,In contention,2024-06-02
686,407,26,,,4.20,4.20,,,CE,,,,50 POST POND LN,40,,ROW from 407/27,2024-06-02
,407,27,,,,,,,CE,404,3,,,1650,S,On Turner Lane,2024-06-02
688,407,28,,,0.43,0.43,,,CE,,,,32 POST POND LN,0,,Landlocked in 404/3,2024-06-02
689,407,29,,,12.20,,,,,,,,22 POST POND LN,490,,,2024-06-02
690,407,30,,,3.70,,,,,,,,16 POST POND LN,233,,,2024-06-02
691,407,31,,,23.28,,,ME,,,,,11 NORTH THETFORD RD,???,,Not shown,2024-06-02
692,407,32,,,3.72,,,,,,,,13 NORTH THETFORD RD,21,,,2024-06-02
,407,33,,NoParcel,,,,,,,,,,,,Not shown???,2024-06-02
694,407,34,,,2.03,,,,,,,,17 NORTH THETFORD RD,151.3,,,2024-06-02
695,407,35,,,7.97,,,,,,,,21 NORTH THETFORD RD,682.5,,,2024-06-02
696,407,36,,,4.70,,,,,,,,33 NORTH THETFORD RD,232.5,,,2024-06-02
697,407,37,,,11.19,11.19,,,CE,,,,7 TURNER LN,410,,Partial easement?,2024-06-02
698,407,38,,,4.70,,,,,,,,15 TURNER LN,430,S,,2024-06-02
,407,39,,,,,,,,407,37,,,360,,,2024-06-02
700,407,40,,,0.33,,,,,,,,57 NORTH THETFORD RD,150,,,2024-06-02
701,407,41,,,4.20,,,,,,,,52 NORTH THETFORD RD,370,,,2024-06-02
702,407,42,,,3.20,,,,,,,,48 NORTH THETFORD RD,285,,,2024-06-02
703,407,43,,,6.50,,,,,,,,38 NORTH THETFORD RD,365,,,2024-06-02
704,407,44,,,1.30,,,,,,,,8 PUSHEE FALLS LN,450,S,,2024-06-02
705,407,45,,,1.60,1.60,,,CE,,,,4 PUSHEE FALLS LN,347,,,2024-06-02
706,407,46,,,4.90,4.90,,,CE,,,,30 NORTH THETFORD RD,410,,Partial easement?,2024-06-02
707,407,47,,,3.80,,,,,,,,22 NORTH THETFORD RD,300,,,2024-06-02
708,407,48,,,2.80,,,,,,,,18 NORTH THETFORD RD,225,,,2024-06-02
,407,49,,,,,,,CE,407,31,,,375,S,Partial easement?,2024-06-02
,407,50,,,,,,,,407,58,1,,1621.07,,,2024-06-02
711,407,51,,,2.00,,,,,,,,187 ORFORD RD,180,,,2024-06-02
,407,52,,,,,,,,407,58,1,,850,S,,2024-06-02
100262,407,53,1000,,14.90,14.90,,,,,,,215 ORFORD RD,968,,No CE shown,2024-06-02
100265,407,53,2000,,6.87,6.87,,,,,,,207 ORFORD RD,366,,,2024-06-02
100282,407,53,3000,,8.70,8.70,,,CE,,,,205 ORFORD RD,0,,No ROW?,2024-06-02
100243,407,53,4000,,11.18,11.18,,,CE,,,,82 NORTH THETFORD RD,0,,No ROW?,2024-06-02
717,407,54,,,74.10,,,,,,,,241 ORFORD RD,825.4,,,2024-06-02
719,407,55,,,12.55,12.55,,ME,,,,,236 ORFORD RD,808.57,,,2024-06-02
720,407,56,1000,,5.04,,,,,,,,216 ORFORD RD,908,,,2024-06-02
,407,56,2000,NoParcel,,,,,,,,,,,,,2024-06-02
723,407,57,,,2.60,,,,,,,,186 ORFORD RD,335,,,2024-06-02
724,407,58,1000,,64.41,,,,,,,,226 ORFORD RD,306.8,,,2024-06-02
,407,58,2000,,,,,,,407,64,,,835,,,2024-06-02
725,407,59,,,11.30,,,,,,,,1 CULVER HILL LN,361,,,2024-06-02
734,407,60,1000,,6.01,6.01,,,CE,,,,1 TAVERN LN,981.93,,,2024-06-02
735,407,60,2000,,5.51,5.90,,,CE,,,,3 TAVERN LN,182.83,,,2024-06-02
736,407,60,3000,,8.91,8.91,,,CE,,,,7 TAVERN LN,94.25,,,2024-06-02
737,407,60,4000,,21.07,21.07,,,CE,,,,8 TAVERN LN,94.25,,,2024-06-02
738,407,60,5000,,9.55,9.55,,,CE,,,,41 CULVER HILL LN,270.72,,,2024-06-02
739,407,60,6000,,5.08,5.08,,,CE,,,,47 CULVER HILL LN,414,,,2024-06-02
740,407,60,7000,,5.13,5.13,,,CE,,,,48 CULVER HILL LN,1330.54,,,2024-06-02
741,407,61,,,30.00,30.00,,,CE,,,,63 CULVER HILL LN,660,S,,2024-06-02
742,407,62,,,15.20,15.20,,,CE,,,,56 CULVER HILL LN,602.4,,,2024-06-02
743,407,63,,,9.32,9.32,,,CE,,,,23 CLOVER MILL LN,191.6,,,2024-06-02
744,407,64,,,19.60,,,,,,,,20 CULVER HILL LN,1240,S,,2024-06-02
745,407,65,,,21.70,,,,,,,,37 WHIPPLE HILL RD,946.2,,,2024-06-02
746,407,66,,,7.74,7.74,,,CE,,,,63 WHIPPLE HILL RD,1210,,,2024-06-02
747,407,67,,,5.31,5.31,,,CE,,,,19 CLOVER MILL LN,571.36,,,2024-06-02
748,407,68,,,28.92,28.92,,,CE,,,,27 CLOVER MILL LN,62.2,,,2024-06-02
749,407,69,,,36.97,36.97,,,CE,,,,28 CLOVER MILL LN,328.88,,,2024-06-02
750,407,70,,,5.06,5.06,,,CE,,,,16 CLOVER MILL LN,1141.25,,,2024-06-02
751,407,71,,,11.74,11.74,,,CE,,,,79 WHIPPLE HILL RD,660,,,2024-06-02
752,407,72,,,19.33,,,,,,,,89 WHIPPLE HILL RD,476,,,2024-06-02
753,407,73,,,24.40,,,,,,,,95 WHIPPLE HILL RD,245,,,2024-06-02
754,407,74,,,79.90,78.90,,ME,CE,,,,101 WHIPPLE HILL RD,605,,,2024-06-02
755,407,75,,,2.00,,,,,,,,111 WHIPPLE HILL RD,180,,,2024-06-02
101362,407,76,1000,,15.03,,,,,,,,119 WHIPPLE HILL RD,324,,,2024-06-02
101382,407,76,2000,,13.31,,,,,,,,117 WHIPPLE HILL RD,300,,,2024-06-02
756,407,76,3000,,80.13,,,ME,,,,,115 WHIPPLE HILL RD,367,,,2024-06-02
757,407,77,,,70.00,70.00,E,,,,,,36 MUD TURTLE POND RD,2500,,Town Forest,2024-06-02
758,407,78,,,20.00,,,,,,,,135 WHIPPLE HILL RD,720,S,,2024-06-02
759,407,79,,,5.45,,,,,,,,149 WHIPPLE HILL RD,720,S,,2024-06-02
760,407,80,,,51.60,,,,,,,,165 WHIPPLE HILL RD,645,,,2024-06-02
762,407,81,,,21.20,21.20,,,CE,,,,160 WHIPPLE HILL RD,0,,No Frontage? Partial easement?,2024-06-02
,407,82,,,,,,,,407,80,,,870,S,,2024-06-02
764,407,83,,,1.00,,,,,,,,150 WHIPPLE HILL RD,735,S,,2024-06-02
765,407,84,,,6.13,,,,,,,,132 WHIPPLE HILL RD,1235.17,,40784/1?,2024-06-02
103255,407,84,1000,,5.34,,,,,,,,118 WHIPPLE HILL RD,630.41,,407/84/2?,2024-06-02
,407,85,,,,,,,CE,407,74,,,615,,,2024-06-02
767,407,86,1000,,134.70,,,,,,,,WHIPPLE HILL RD,1075,,,2024-06-02
101082,407,86,1100,,4.27,,,,,,,,10 WHIPPLE HILL RD-GRAVELPIT,,,Not shown????,2024-06-02
,407,86,2000,,,,,,,407,72,,,948,,,2024-06-02
101183,407,86,3000,,8.34,,,,,,,,WHIPPLE HILL RD,580,,,2024-06-02
101202,407,86,4000,,9.56,,,,,,,,WHIPPLE HILL RD,570,,,2024-06-02
101203,407,86,5000,,15.10,,,,,,,,WHIPPLE HILL RD,1200,,,2024-06-02
101204,407,86,6000,,7.61,,,,,,,,WHIPPLE HILL RD,835,,,2024-06-02
101205,407,86,7000,,7.50,,,,,,,,WHIPPLE HILL RD,1070,,Not really on Whipple Hill,2024-06-02
768,407,87,,,2.20,,,,,,,,150 ORFORD RD,366,,,2024-06-02
769,407,88,,,3.15,,,,,,,,144 ORFORD RD,437.33,,,2024-06-02
770,407,89,,,25.52,,,,,,,,124 ORFORD RD,744.9,,,2024-06-02
771,407,90,,,5.40,5.40,,,CE,,,,1 PINNACLE RD,421.6,,,2024-06-02
772,407,91,,,3.00,,,,,,,,11 PINNACLE RD,269,,,2024-06-02
773,407,92,,,6.70,,,,,,,,21 PINNACLE RD,671,,,2024-06-02
774,407,93,,,2.00,,,,,,,,31 PINNACLE RD,0,,No Frontage? ,2024-06-02
775,407,94,,,5.30,,,,,,,,33 PINNACLE RD,370,,,2024-06-02
776,407,95,,,4.10,,,,,,,,35 PINNACLE RD,0,,ROW from 407/96.2,2024-06-02
782,407,96,1100,,43.10,43.10,,,CE,,,,37+51 PINNACLE RD,302.25,,,2024-06-02
783,407,96,1200,,3.10,3.10,,,CE,,,,45 PINNACLE RD,238.23,,,2024-06-02
784,407,96,2000,,5.59,5.59,,,CE,,,,39 PINNACLE RD,552.55,,,2024-06-02
785,407,97,,,69.00,,,,,,,,65 PINNACLE RD,0,,ROW from 407/98,2024-06-02
786,407,98,,,22.00,,,,,,,,63 PINNACLE RD,615,,,2024-06-02
787,407,99,,,0.70,,,,,,,,67+69 PINNACLE RD,338,,,2024-06-02
788,407,100,,,5.10,,,,,,,,75 PINNACLE RD,346.55,,,2024-06-02
789,407,101,,,10.73,,,,,,,,83 PINNACLE RD,493.93,,,2024-06-02
792,407,102,1000,,6.97,,,,,,,,91 PINNACLE RD,496.96,,,2024-06-02
793,407,102,2000,,37.78,,,,,,,,109 PINNACLE RD,925,,,2024-06-02
,407,103,,,,,,,,407,104,,,617,,,2024-06-02
795,407,104,,,3.30,,,,,,,,121 PINNACLE RD,292,,,2024-06-02
,407,105,,NoParcel,,,,,,,,,,,,Not shown????,2024-06-02
796,407,106,,,0.32,,,,,,,,153 PINNACLE RD,106,,,2024-06-02
797,407,107,,,5.10,,,,,,,,1 ORFORDVILLE RD,400,,,2024-06-02
798,407,108,,,183.00,,,,,,,,11 ORFORDVILLE RD,2760,,,2024-06-02
799,407,109,,,5.10,,,,,,,,112 HIGHBRIDGE RD,200,,,2024-06-02
800,407,110,,,13.49,,,,,,,,100 HIGHBRIDGE RD,685.8,,,2024-06-02
801,407,111,,,107.82,107.82,,,CE,,,,92 HIGHBRIDGE RD,900,,,2024-06-02
,407,112,,NoParcel,,,,,,,,,,,,Not shown????,2024-06-02
804,407,113,,,47.70,,,,CE,,,,66 HIGHBRIDGE RD,974.9,S,Partial?,2024-06-02
806,407,114,,,21.30,,,,CE,,,,42 HIGHBRIDGE RD,1587.5,,,2024-06-02
807,407,115,,,205.00,,,,CE,,,,41 HIGHBRIDGE RD,806.1,,,2024-06-02
808,407,116,,,6.40,,,,,,,,53 HIGHBRIDGE RD,785.2,,,2024-06-02
809,407,117,,,5.09,,,,,,,,65 HIGHBRIDGE RD,508,,,2024-06-02
810,407,118,,,16.45,,,,,,,,85 HIGHBRIDGE RD,892.8,,,2024-06-02
811,407,119,,,29.92,,,,,,,,95 HIGHBRIDGE RD,1338.48,,,2024-06-02
812,407,120,1000,,8.80,,,,,,,,124 PINNACLE RD,402,,,2024-06-02
103254,407,120,2000,,5.01,,,,,,,,122 PINNACLE RD,528.27,,,2024-06-02
,407,121,,NoParcel,,,,,,,,,,,,,2024-06-18
814,407,122,,,2.30,,,,,,,,1 CUTTING HILL LN,350,S,,2024-06-02
815,407,123,,,10.00,,,ME,,,,,11 CUTTING HILL LN,,,ROW from 407/124,2024-06-02
816,407,124,,,21.36,,,ME,,,,,15 CUTTING HILL LN,145.3,,,2024-06-02
820,407,125,1000,,12.50,,,ME,,,,,19 CUTTING HILL LN,1445,,,2024-06-02
821,407,125,2000,,21.60,,,ME,,,,,47 HIGHBRIDGE RD,475.2,,,2024-06-02
,407,126,,NoParcel,,,,,,,,,,,,Not shown????,2024-06-02
,407,127,,NoParcel,,,,,,,,,,,,Not shown????,2024-06-02
824,407,128,,,10.00,,,,,,,,98 PINNACLE RD,280,S,,2024-06-02
,407,129,,,,,,,,407,102,1000,,66,,,2024-06-02
826,407,130,,,29.80,,,,,,,,7 MASA MOREY LN,608.23,,,2024-06-02
827,407,131,,,85.15,,,,,,,,43 MASA MOREY LN,2585,S,,2024-06-02
,407,132,,,,,,,,407,130,,,744.03,,,2024-06-02
829,407,133,,,19.00,,,,,,,,64 PINNACLE RD,1665,S,Not shown????,2024-06-02
830,407,134,,,0.89,,,,,,,,50 PINNACLE RD,300,,,2024-06-02
831,407,135,,,38.10,,,,,,,,24 PINNACLE RD,365,,,2024-06-02
832,407,136,,,0.71,,,,,,,,10 PINNACLE RD,113.36,,,2024-06-02
833,407,137,,,2.67,,,,,,,,100 ORFORD RD,94.98,,,2024-06-02
834,407,138,,,0.69,,,,,,,,4 PINNACLE RD,179,,,2024-06-02
835,407,139,,,7.39,,,,,,,,96 ORFORD RD,208.49,,,2024-06-02
836,407,140,,,14.84,,,,,,,,92 ORFORD RD,465,,,2024-06-02
837,407,141,,,1.59,,,,,,,,84 ORFORD RD,190,,,2024-06-02
838,408,1,,,4.10,4.10,,ME,,,,,16 BRITTON LN,444.7,,,2024-06-02
101523,408,1,100,,30.08,30.08,,,CE,,,,44 BRITTON LN,293.48,,,2024-06-02
,408,1,2,,,,,,CE,403,33,,,0,,No Frontage? ,2024-06-02
839,408,2,,,41.97,,,,,,,,39 PLEASANT ST,690,,,2024-06-02
840,408,3,,,1.40,,,,,,,,11 ORFORD RD,263,,,2024-06-02
841,408,4,,,1.30,,,,,,,,13 ORFORD RD,120,,,2024-06-02
842,408,5,,,0.47,,,,,,,,15 ORFORD RD,125.7,,,2024-06-02
843,408,6,,,3.60,,,,,,,,23 ORFORD RD,465,S,,2024-06-02
844,408,7,,,45.80,,,,,,,,27 ORFORD RD,247.08,,,2024-06-02
845,408,8,,,2.00,,,,,,,,35 ORFORD RD,340,,,2024-06-02
846,408,9,,,3.80,3.80,E,,,,,,41 ORFORD RD,505,S,State,2024-06-02
,408,10,,,,,,,,407,23,,,240,,,2024-06-02
,408,11,,NoParcel,,,,,,,,,,,,,2024-06-02
849,408,12,,,19.60,,E,,,,,,92 POST POND LN (LAND ONLY),400,S,Post Pond frontage,2024-06-02
850,408,13,,,0.31,,,,,,,,88 POST POND LN,135,,Post Pond frontage,2024-06-02
851,408,14,,,36.00,,,,,,,,86 POST POND LN,590,S,Post Pond frontage,2024-06-02
852,408,15,,,0.20,,,,,,,,108 POST POND LN,183.83,,Post Pond frontage,2024-06-02
853,408,16,,,0.15,,,,,,,,110 POST POND LN,120.62,,Post Pond frontage,2024-06-02
,408,17,,NoParcel,,,,,,,,,,,,,2024-06-02
855,408,18,,,0.25,,,,,,,,114 POST POND LN,141.62,,Post Pond frontage,2024-06-02
102896,408,19,,,6.20,,,,,,,,67 ORFORD RD,352.71,,,2024-06-02
102897,408,20,,,4.95,,,,,,,,60 ORFORD RD,1017.47,,,2024-06-02
858,408,21,,,38.50,,,,CE,,,,60 MASA MOREY LN,0,,No Frontage? ,2024-06-02
103224,408,22,1,,0.00,,,,,,,,70 ORFORD RD #1,635.22,,LLL Lot,2024-06-02
103238,408,22,10,,0.00,,,,,,,,70 ORFORD RD #10,0,,,2024-06-02
103230,408,22,11,,0.00,,,,,,,,70 ORFORD RD #11,0,,,2024-06-02
103242,408,22,12,,0.00,,,,,,,,70 ORFORD RD #12,0,,,2024-06-02
103243,408,22,13,,0.00,,,,,,,,70 ORFORD RD #13,0,,,2024-06-02
103245,408,22,14,,0.00,,,,,,,,70 ORFORD RD #14,0,,,2024-06-02
103246,408,22,15,,0.00,,,,,,,,70 ORFORD RD #15,0,,,2024-06-02
103247,408,22,16,,0.00,,,,,,,,70 ORFORD RD #16,0,,,2024-06-02
103244,408,22,17,,0.00,,,,,,,,70 ORFORD RD #17,0,,,2024-06-02
103248,408,22,18,,0.00,,,,,,,,70 ORFORD RD #18,0,,,2024-06-02
103233,408,22,19,,0.00,,,,,,,,70 ORFORD RD #19,0,,,2024-06-02
103225,408,22,2,,0.00,,,,,,,,70 ORFORD RD #2,0,,,2024-06-02
103249,408,22,20,,0.00,,,,,,,,70 ORFORD RD #20,0,,,2024-06-02
102976,408,22,2000,,96.55,97.00,,,,,,,ORFORD RD,435,S,,2024-06-02
103240,408,22,21,,0.00,,,,,,,,70 ORFORD RD #21,0,,,2024-06-02
103251,408,22,22,,0.00,,,,,,,,70 ORFORD RD #22,0,,,2024-06-02
103226,408,22,3,,0.00,,,,,,,,70 ORFORD RD #3,0,,,2024-06-02
103227,408,22,4,,0.00,,,,,,,,70 ORFORD RD #4,0,,,2024-06-02
103228,408,22,5,,0.00,,,,,,,,70 ORFORD RD #5,0,,,2024-06-02
103250,408,22,6,,0.00,,,,,,,,70 ORFORD RD #6,0,,,2024-06-02
103229,408,22,7,,0.00,,,,,,,,70 ORFORD RD #7,0,,,2024-06-02
103237,408,22,8,,0.00,,,,,,,,70 ORFORD RD #8,0,,,2024-06-02
103239,408,22,9,,0.00,,,,,,,,70 ORFORD RD #9,0,,,2024-06-02
860,408,23,,,76.40,,,,,,,,42 ORFORD RD,1865,S,,2024-06-02
861,408,24,,,1.60,,,,,,,,24 ORFORD RD,115.1,,,2024-06-02
862,408,25,,,8.97,,,,,,,,16 ORFORD RD,1003,,,2024-06-02
863,408,26,,,8.84,,,,,,,,21 SPRING HILL LN,102.25,,,2024-06-02
864,408,27,,,8.74,,,,,,,,24 SPRING HILL LN,514.42,,,2024-06-02
865,408,28,,,43.79,,,,,,,,60 SPRING HILL LN,0,,ROW from Spring Hill Ln,2024-06-02
867,408,29,,,42.50,,,,,,,,60 ROCKY HILL LN,,,No Frontage? ,2024-06-02
868,408,30,,,25.95,,,,,,,,45 DORCHESTER RD,668.4,,,2024-06-02
869,408,31,,,4.29,,,ME,,,,,53 DORCHESTER RD,516.4,,,2024-06-02
,408,32,,NoParcel,,,,,,,,,,,,,2024-06-02
871,408,33,,,7.70,,,,,,,,61 DORCHESTER RD,98.7,,,2024-06-02
872,408,34,,,20.20,,,,,,,,63 DORCHESTER RD,0,,ROW from 408/33,2024-06-02
873,408,35,,,141.00,,,ME,CE,,,,30 CITADEL LN,0,,ROW from 409/?,2024-06-02
874,408,36,,,9.40,,,,,,,,18 CITADEL LN,0,,ROW from 409/?,2024-06-02
875,408,37,,,3.65,,,,,,,,43 FRANKLIN HILL RD,348.8,,,2024-06-02
876,408,38,,,16.85,,,ME,,,,,57 FRANKLIN HILL RD,850.5,,,2024-06-02
877,408,39,,,11.34,,,,,,,,73 FRANKLIN HILL RD,840.6,,,2024-06-02
878,408,40,,,16.00,,,,,,,,83 FRANKLIN HILL RD,550,,,2024-06-02
879,408,41,,,14.90,,,,,,,,7 HORTON LN,385.7,,,2024-06-02
880,408,42,,,11.69,,,,,,,,11 HORTON LN,1370,,,2024-06-02
881,408,43,,,20.00,,,,,,,,56 HORTON LN,0,,ROW on Horton Lane,2024-06-02
102644,408,44,,,25.00,,,,CE,,,,HORTON LN,0,,ROW on Horton Lane,2024-06-02
883,408,45,,,50.10,,,,,,,,108 HORTON LN,0,,ROW on Horton Lane,2024-06-02
884,408,46,,,20.00,,,,CE,,,,44 HORTON LN,0,,ROW on Horton Lane,2024-06-02
887,408,47,1000,,30.10,,,,,,,,36 HORTON LN,640.9,,Frontage on Franklin Hill,2024-06-02
888,408,47,2000,,12.70,,,,,,,,18 HORTON LN,839.71,,Frontage on Franklin Hill,2024-06-02
,408,???,,,,,,,CE,,,,,,,Between 47.1 & 21 & 22.2????,2024-06-02
892,408,48,1000,,44.40,,,,,,,,145 FRANKLIN HILL RD,1920,S,,2024-06-02
891,408,48,2000,,12.75,12.70,,,,,,,129 FRANKLIN HILL RD,543.63,,,2024-06-02
,408,49,,NoParcel,,,,,,,,,,,,,2024-06-02
895,408,50,,,11.65,11.60,,,CE,,,,181 ACORN HILL RD,875,,,2024-06-02
896,408,51,,,14.90,,,,CE,,,,11 HIGHBRIDGE RD,1236.9,,,2024-06-02
897,408,52,,,14.40,,,,CE,,,,3 HARDSCRABBLE LN,305,,,2024-06-02
898,408,53,,,13.50,,,,CE,,,,11 HARDSCRABBLE LN,625.9,,,2024-06-02
899,408,54,,,30.30,,,,CE,,,,21 HARDSCRABBLE LN,1274,,,2024-06-02
900,408,55,,,32.50,,,ME,CE,,,,18 + 20 HARDSCRABBLE LN,1512,,,2024-06-02
901,408,56,,,0.94,,,,,,,,172 ACORN HILL RD,250,,,2024-06-02
907,408,57,1000,,10.51,,,,,,,,112 ACORN HILL RD,411.23,,,2024-06-02
908,408,57,2000,,13.26,,,,CE,,,,118 ACORN HILL RD,796.02,,Partial?,2024-06-02
909,408,57,3000,,110.62,,,,CE,,,,146 ACORN HILL RD,830.73,,Partial?,2024-06-02
910,408,57,4000,,22.08,,,,CE,,,,160 ACORN HILL RD,1162.52,,,2024-06-02
911,408,58,,,103.10,,,,CE,,,,82 ACORN HILL RD,1762.64,S,Partial?,2024-06-02
912,408,59,,,10.07,,,,CE,,,,70 ACORN HILL RD,563.01,,,2024-06-02
913,408,60,,,0.87,,,,,,,,62 ACORN HILL RD,220,,,2024-06-02
915,408,61,1000,,5.02,,,,,,,,21 POUT POND LN,300,,,2024-06-02
916,408,61,2000,,5.25,,,,,,,,29 POUT POND LN,383,,,2024-06-02
,408,61,???,,,,,,,,,,,610,,"""Reserved""?",2024-06-02
917,408,62,,,3.80,,,,,,,,53 ACORN HILL RD,300,,,2024-06-02
102834,408,63,,,32.13,,,,,,,,67 ACORN HILL RD,615.09,,,2024-06-02
920,408,64,1000,,16.80,,,,,,,,75 ACORN HILL RD,655.19,,,2024-06-02
921,408,64,2000,,12.12,,,,,,,,77 ACORN HILL RD,0,,ROW from 408/64.1,2024-06-02
,408,65,,,,,,,,408,58,,,1500,S,,2024-06-02
923,408,66,,,7.70,,,,,,,,115 ACORN HILL RD,1050,S,,2024-06-02
924,408,67,,,59.41,60.00,,,,,,,145 ACORN HILL RD,2020,S,408/67.1on tax map???,2024-06-02
103252,408,67,1000,,7.59,,,,,,,,184 FRANKLIN HILL RD,1439.09,,408/67.2 on tax map???,2024-06-02
925,408,68,,,0.04,,,,,,,,171 ACORN HILL RD (LAND ONLY),0,,Triangle,2024-06-02
,408,69,1000,,,,,,,408,48,1000,,510,S,,2024-06-02
,408,69,2000,,,,,,,408,48,2000,,346.61,,,2024-06-02
934,408,70,1000,,15.70,,,,,,,,108 FRANKLIN HILL RD,305.5,,,2024-06-02
935,408,70,2000,,5.00,,,,,,,,114 FRANKLIN HILL RD,384.3,,,2024-06-02
939,408,71,1000,,47.12,,,,CE,,,,96 FRANKLIN HILL RD,967.7,,,2024-06-02
940,408,71,2000,,12.10,,,,CE,,,,84 FRANKLIN HILL RD,497.3,,Partial?,2024-06-02
941,408,72,,,0.99,,,,,,,,76 FRANKLIN HILL RD,209,,Partial?,2024-06-02
942,408,73,,,2.41,,,ME,,,,,70 FRANKLIN HILL RD,249,,,2024-06-02
943,408,74,,,2.34,,,,,,,,66 FRANKLIN HILL RD,249.6,,,2024-06-02
944,408,75,1000,,21.10,,,,CE,,,,56 FRANKLIN HILL RD,498.89,,,2024-06-02
,408,75,2000,NoParcel,,,,,,,,,,,,,2024-06-02
101442,408,75,3000,,36.00,,,,CE,,,,44 FRANKLIN HILL RD,2492.3,,Not shown?,2024-06-02
,409,1,,,,,,,,409,96,,,1130,S,,2024-06-19
,409,2,,,,,,,CE,409,95,,,1655,S,,2024-06-19
947,409,3,,,3.24,,,,,,,,1 FRANKLIN HILL RD,450,S,,2024-06-19
,409,4,,NoParcel,,,,,,,,,,,,,2024-06-19
949,409,5,,,112.00,,,,CE,,,,14 FRANKLIN HILL RD,1665,,,2024-06-19
,409,6,,,,,,,,409,3,,280,S,,,2024-06-19
951,409,7,,,0.61,,,,,,,,141 DORCHESTER RD,300,S,,2024-06-19
952,409,8,,,0.86,,,,,,,,147 DORCHESTER RD,240,S,,2024-06-19
953,409,9,,,0.50,,,,,,,,165 DORCHESTER RD,200,S,,2024-06-19
954,409,10,,,0.82,,,,,,,,167 DORCHESTER RD,145,S,,2024-06-19
955,409,11,,,0.60,,,,,,,,169 DORCHESTER RD,0,,No Frontage?,2024-06-19
958,409,12,1000,,0.45,,,,,,,,171 DORCHESTER RD,79.76,,,2024-06-19
959,409,12,2000,,0.34,,,,,,,,173 DORCHESTER RD,62.9,,,2024-06-19
960,409,13,,,0.43,,,ME,,,,,175 DORCHESTER RD,67.32,,,2024-06-19
961,409,14,,,2.80,,,,,,,,177 DORCHESTER RD,85.8,,,2024-06-19
962,409,15,,,0.42,,,,,,,,179 DORCHESTER RD,81.8,,,2024-06-19
963,409,16,,,0.59,,,,,,,,181 DORCHESTER RD,105,S,,2024-06-19
964,409,17,,,4.10,,,,,,,,15 DERBY LN,20,,Derby Ln dead ends into property,2024-06-19
965,409,18,,,1.30,,E,,,,,,183 DORCHESTER RD (LCAB),220,S,,2024-06-19
966,409,19,,,0.87,,,,,,,,185 DORCHESTER RD,155,S,,2024-06-19
967,409,20,,,1.50,,,,,,,,187 DORCHESTER RD,285,S,,2024-06-19
968,409,21,,,27.00,,,,,,,,11 ACORN HILL RD,1170,S,,2024-06-19
969,409,22,,,4.40,,,,,,,,45 ACORN HILL RD,590,S,400' D ???,2024-06-19
101243,409,23,1000,,7.67,,,,,,,,32 POUT POND LN,458.08,,,2024-06-19
101242,409,23,2000,,8.08,,,,,,,,34 POUT POND LN,367.17,,,2024-06-19
971,409,24,,,6.90,,,,,,,,22 POUT POND LN,333,,,2024-06-19
972,409,25,,,12.50,,,,,,,,38 ACORN HILL RD,500,S,,2024-06-19
973,409,26,,,2.90,,,,,,,,34 ACORN HILL RD,116.26,,,2024-06-19
974,409,27,,,17.80,,,,,,,,26 ACORN HILL RD,863,,,2024-06-19
975,409,28,,,19.90,,,,,,,,28 ACORN HILL RD,0,,ROW from 409/27,2024-06-19
976,409,29,,,9.80,,,,,,,,20 ACORN HILL RD,0,,No Frontage?,2024-06-19
977,409,30,,,5.00,,,,,,,,8 ACORN HILL RD,447.75,,,2024-06-19
978,409,31,,,1.10,,,,,,,,2 ACORN HILL RD,335,S,,2024-06-19
979,409,32,,,1.40,,,,,,,,197 DORCHESTER RD,279.5,,,2024-06-19
,409,33,,,,,,,,409,46,,,65,,,2024-06-19
981,409,34,,,1.10,,,,,,,,201 DORCHESTER RD,160,S,,2024-06-19
982,409,35,,,3.20,,,,,,,,215 DORCHESTER RD,825,,,2024-06-19
983,409,36,,,5.80,,,,,,,,225 DORCHESTER RD,357,,,2024-06-19
984,409,37,,,2.00,,,,,,,,227 DORCHESTER RD,255,,,2024-06-19
,409,38,,,,,,,,409,40,,,286.9,,,2024-06-19
986,409,39,,,1.70,,,,,,,,1 FLINT HILL RD,120,,,2024-06-19
987,409,40,,,80.70,,,,,,,,232 DORCHESTER RD,606,,,2024-06-19
,409,41,,NoParcel,,,,,,,,,,,,,2024-06-19
,409,42,,NoParcel,,,,,,,,,,,,,2024-06-19
990,409,43,,,10.90,,,ME,,,,,224 DORCHESTER RD,0,,No Frontage?,2024-06-19
991,409,44,,,1.56,,,,,,,,228 DORCHESTER RD,344.83,,,2024-06-19
992,409,45,,,207.89,,,,,,,,216 DORCHESTER RD,1020,S,,2024-06-19
993,409,46,,,2.69,,,,,,,,202 DORCHESTER RD,370,,,2024-06-19
994,409,47,,,5.10,,,,,,,,196 DORCHESTER RD,722.5,S,,2024-06-19
995,409,48,,,0.54,,,,,,,,188 DORCHESTER RD,0,,No frontage listed,2024-06-19
996,409,49,,,2.10,,,ME,,,,,182 DORCHESTER RD,330,S,,2024-06-19
997,409,50,,,1.10,,,,,,,,180 DORCHESTER RD,155,S,,2024-06-19
998,409,51,,,32.01,,,,,,,,11 BAKER HILL RD,1240,,,2024-06-19
,409,52,,NoParcel,,,,,,,,,,,,,2024-06-19
1002,409,53,1000,,58.00,,,,,,,,59 BAKER HILL RD,0,,ROW from 409/53.2,2024-06-19
1003,409,53,2000,,30.00,,,,,,,,57 BAKER HILL RD,1100,,,2024-06-19
1004,409,54,,,7.20,,,,,,,,63 BAKER HILL RD,511,,,2024-06-19
1005,409,55,,,2.20,,,,,,,,67 + 69 BAKER HILL RD,475,,,2024-06-19
1006,409,56,,,0.97,,,,,,,,71 BAKER HILL RD,385,,,2024-06-19
1009,409,57,,,75.00,,,,CE,,,,95 BAKER HILL RD,1071.5,,,2024-06-19
,409,58,,NoParcel,,,,,,,,,,,,,2024-06-19
102996,409,59,,,108.00,,,,,,,,117 BAKER HILL RD,2035,S,,2024-06-19
1015,409,60,,,5.10,,,,,,,,127 BAKER HILL RD,450,,,2024-06-19
1016,409,61,,,2.00,,,,,,,,124 BAKER HILL RD,530,,,2024-06-19
,409,62,,,,,,,,409,77,,,375,S,,2024-06-19
1018,409,63,,,12.10,,,,,,,,25 ISAAC PERKINS RD,1120,S,,2024-06-19
1019,409,64,,,3.20,,,,,,,,41 ISAAC PERKINS RD,365,S,210' D ???,2024-06-19
1020,409,65,,,4.10,,,,,,,,47 ISAAC PERKINS RD,606,,,2024-06-19
,409,66,,,,,,,,409,67,,,925,S,,2024-06-19
1022,409,67,,,52.00,,,,,,,,68 ISAAC PERKINS RD,1015,S,,2024-06-19
1023,409,68,,,5.90,,,,,,,,54 ISAAC PERKINS RD,325,S,,2024-06-19
1024,409,69,,,2.10,,,,,,,,48 ISAAC PERKINS RD,312.5,,,2024-06-19
1025,409,70,,,9.10,,,,,,,,40 ISAAC PERKINS RD,357,,,2024-06-19
1026,409,71,,,16.90,,,,,,,,34 ISAAC PERKINS RD,945,,,2024-06-19
1027,409,72,,,241.00,,,,,,,,160 EAST ST,1875,S,Frontage on Alden Rd,2024-06-19
1028,409,73,,,6.00,,,,,,,,65 ALDEN LN,1317,,,2024-06-19
,409,74,,NoParcel,,,,,,,,,,,,,2024-06-19
1030,409,75,,,13.00,,,,,,,,16 ISAAC PERKINS RD,548.9,,,2024-06-19
1031,409,76,,,11.80,,,,,,,,10 ISAAC PERKINS-1 ALDEN RD,1366.1,,,2024-06-19
101282,409,77,,,49.60,,,,,,,,6 ISAAC PERKINS RD,455,,,2024-06-19
1033,409,78,,,32.50,,,,,,,,60 BAKER HILL RD,0,,ROW from 409/77,2024-06-19
1034,409,79,,,37.00,,,,,,,,62 BAKER HILL RD,0,,ROW from 409/77,2024-06-19
1035,409,80,,,5.37,,,,,,,,56 BAKER HILL RD,211.31,,,2024-06-19
100302,409,81,,,4.13,,,,,,,,54 BAKER HILL RD,211,,,2024-06-19
1037,409,82,,,10.50,,,,,,,,48 BAKER HILL RD,734,,,2024-06-19
1038,409,83,,,0.47,,,,,,,,14 BAKER HILL RD,340,S,,2024-06-19
1039,409,84,,,81.21,,,,CE,,,,12 BAKER HILL RD,965.56,,,2024-06-19
1040,409,85,,,0.53,,,,,,,,2 BAKER HILL RD,100,S,,2024-06-19
1041,409,86,,,0.67,,,,,,,,176 DORCHESTER RD,175,S,,2024-06-19
1042,409,87,,,0.71,,,,,,,,168 DORCHESTER RD,95.8,,,2024-06-19
1043,409,88,,,0.22,,,,,,,,166 DORCHESTER RD,54.76,,,2024-06-19
,409,89,,NoParcel,,,,,,,,,,,,,2024-06-19
1045,409,90,,,0.48,,,,,,,,162 DORCHESTER RD,325,S,,2024-06-19
1046,409,91,,,1.50,,,,,,,,150 DORCHESTER RD,775,,,2024-06-19
103220,409,92,,,1.50,,,,,,,,132 DORCHESTER RD,700,S,,2024-06-19
1048,409,93,,,0.34,,,,,,,,130 DORCHESTER RD,0,,No frontage?,2024-06-19
1049,409,94,,,17.00,,,,,,,,116 DORCHESTER RD,990,S,,2024-06-19
1051,409,95,,,4.40,,,,,,,,98 DORCHESTER RD,590,S,,2024-06-19
1052,409,96,,,23.30,,,,,,,,72 DORCHESTER RD,930,S,,2024-06-19
,409,97,,NoParcel,,,,,,,,,,,,,2024-06-19
1053,409,98,,,236.80,,,,,,,,136 WASHBURN HILL RD,2907,,,2024-06-19
1054,409,99,,,84.00,,,,,,,,92 WASHBURN HILL RD,1770,S,,2024-06-19
1055,409,100,,,113.00,,,,CE,,,,100 EAST ST,1906,,,2024-06-19
,410,1,,NoParcel,,,,,,,,,,,,,2024-06-19
1057,410,2,,,28.40,,,,,,,,60 EAST ST,1060,,,2024-06-19
1058,410,3,,,26.00,,,,,,,,294 BAKER HILL RD,2120,,,2024-06-19
,410,4,,NoParcel,,,,,,,,,,,,,2024-06-19
1060,410,5,,,44.40,,,ME,CE,,,,232 BAKER HILL RD,1859.9,,,2024-06-19
1061,410,6,,,7.90,,,,,,,,216 BAKER HILL RD,930,S,836' D,2024-06-19
,410,7,,NoParcel,,,,,,,,,,,,,2024-06-19
,410,8,,NoParcel,,,,,,,,,,,,,2024-06-19
1064,410,9,1000,,55.40,,,ME,CE,,,,190 BAKER HILL RD,601,,,2024-06-19
100041,410,9,2000,,37.35,,,,CE,,,,198 BAKER HILL RD,330,,,2024-06-19
1068,410,10,1000,,52.01,,,,,,,,172 BAKER HILL RD,530,,,2024-06-19
1069,410,10,2000,,12.00,,,,,,,,180 BAKER HILL RD,436,,,2024-06-19
1070,410,11,,,9.20,,,,,,,,168 BAKER HILL RD,475,,,2024-06-19
1071,410,12,,,2.26,,,,,,,,159 BAKER HILL RD,360,,,2024-06-19
103178,410,13,1200,,0.19,,,,,,,,169 BAKER HILL RD,97.52,,410/13.12 on tax map,2024-06-19
,410,13,11,,,,,,,410,10,1000,,460,,410/13.11 on tax map ?????,2024-06-19
1076,410,13,2000,,34.10,,,,,,,,15 BAILEY HILL LN,800,,,2024-06-19
,410,13,3000,,???,,,,,410,33,2000,,2460,S,UNNUMBERED on tax map???,2024-06-19
,410,14,,NoParcel,,,,,,,,,,,,,2024-06-19
1078,410,15,,,6.20,,,,,,,,99 BEAR HILL LN,640,,,2024-06-19
1079,410,16,,,1.80,,,,,,,,101 BEAR HILL LN,62.6,,,2024-06-19
,410,17,,NoParcel,,,,,,,,,,,,,2024-06-19
1081,410,18,,,0.94,,,,,,,,103 BEAR HILL LN,208,,,2024-06-19
1082,410,19,,,0.91,,,,,,,,107 BEAR HILL LN,210,S,,2024-06-19
1083,410,20,,,116.00,,,,,,,,111 BEAR HILL LN,0,,ROW from Bailey Hill Ln,2024-06-19
1084,410,21,,,0.63,,,,,,,,102 BEAR HILL LN,319,,,2024-06-19
1085,410,22,,,13.28,,,ME,CE,,,,38 BAILEY HILL LN,757.85,,,2024-06-19
,410,23,,NoParcel,,,,,,,,,,,,,2024-06-19
1087,410,24,,,8.00,,,,,,,,24 BAILEY HILL LN,175,S,,2024-06-19
,410,25,,,,,,,,410,10,1000,,720,,,2024-06-19
,410,26,,,,,,ME,CE,410,9,1000,,926.5,,,2024-06-19
,410,27,,NoParcel,,,,,,,,,,,,,2024-06-19
1091,410,28,,,1.93,,,,,,,,205 BAKER HILL RD,382.2,,,2024-06-19
1092,410,29,,,4.06,,,,,,,,215 BAKER HILL RD,1424,,,2024-06-19
1093,410,30,,,7.89,,,,CE,,,,7 CLAFLIN LN,321.2,,,2024-06-19
1094,410,31,,,17.70,,,,,,,,15 CLAFLIN LN,300,,,2024-06-19
,410,32,,NoParcel,,,,,,,,,,,,,2024-06-19
1096,410,33,1000,,77.52,,,ME,CE,,,,42 CLAFLIN LN,2145,,,2024-06-19
1077,410,33,2000,,525.00,,,,,,,,44 BAILEY HILL LN,1450,S,,2024-06-19
1097,410,34,,,15.00,,,,,,,,12 CLAFLIN LN,900,,,2024-06-19
1098,410,35,,,26.00,,,,,,,,25 PICO RD,920,S,,2024-06-19
1099,410,36,,,6.70,,,,,,,,43 PICO RD,980,,,2024-06-19
1100,410,37,,,8.40,,,,,,,,14 CLAFLIN LN,0,,No Frontage?,2024-06-19
1101,410,38,,,2.07,,,,,,,,59 PICO RD,439.55,,,2024-06-19
1102,410,39,,,2.44,,,,,,,,65 PICO RD,245.6,,,2024-06-19
1103,410,40,,,39.30,,,,CE,,,,75 PICO RD,1064,,,2024-06-19
1104,410,41,,,40.83,,,,CE,,,,7 BLISS LN,685,S,,2024-06-19
1105,410,42,,,42.00,,,,CE,,,,31 BLISS LN,1578,,,2024-06-19
,410,43,,NoParcel,,,,,,,,,,,,,2024-06-19
,410,44,,NoParcel,,,,,,,,,,,,,2024-06-19
,410,45,,NoParcel,,,,,,,,,,,,,2024-06-19
1109,410,46,1000,,54.35,,,,,,,,74 BLISS LN,864.27,,,2024-06-19
102876,410,46,2000,,22.45,,,,,,,,66 BLISS LN,835.82,,,2024-06-19
,410,47,,NoParcel,,,,,,,,,,,,,2024-06-19
1111,410,48,,,2.90,,,,,,,,60 BLISS LN,300,,,2024-06-19
1112,410,49,,,3.00,,,,,,,,54 BLISS LN,420,,,2024-06-19
1113,410,50,,,70.90,,,,,,,,50 BLISS LN,1400,S,,2024-06-19
101502,410,51,,,8.10,,,,,,,,44 BLISS LN,605.6,,,2024-06-19
,410,52,,,,,,,,410,50,,,692.8,,,2024-06-19
,410,53,,,,,,,CE,410,42,,,550,,,2024-06-19
,410,54,,,,,,,CE,410,41,,,1430,,,2024-06-19
1118,410,55,,,1.30,,,,,,,,52 PICO RD,330,,,2024-06-19
1119,410,56,,,46.00,,,,,,,,243 BAKER HILL RD,2240,S,,2024-06-19
1120,410,57,,,24.00,,,,CE,,,,293 BAKER HILL RD,1860,,,2024-06-19
1121,410,58,,,1.10,,,,,,,,305 BAKER HILL RD,185,,,2024-06-19
1122,410,59,,,2.90,,,,,,,,171 GOOSE POND RD,258,,,2024-06-19
1123,410,60,,,21.00,,,,,,,,179 GOOSE POND RD,776,S,,2024-06-19
1124,410,61,,,1.90,,,,,,,,183 GOOSE POND RD,290,,,2024-06-19
1125,410,62,,,0.30,,,,,,,,193 GOOSE POND RD,239,,,2024-06-19
1126,410,63,,,2.10,,,,,,,,203 GOOSE POND RD,430,,,2024-06-19
1127,410,64,,,30.00,,,,,,,,239 GOOSE POND RD,1940,,,2024-06-19
,410,65,,NoParcel,,,,,,,,,,,,,2024-06-19
1129,410,66,,,3.60,,,,,,,,97 PICO RD,425,S,,2024-06-19
,410,67,,NoParcel,,,,,,,,,,,,,2024-06-19
1131,410,68,,,64.37,,,,,,,,252 GOOSE POND RD,1071.56,,,2024-06-19
1132,410,69,,,89.17,,,,,,,,240 GOOSE POND RD,1570,,,2024-06-19
1133,410,70,,,6.70,,,,,,,,216 GOOSE POND RD,450,,,2024-06-19
101483,410,71,,,11.40,,,,,,,,192 GOOSE POND RD,1175,S,,2024-06-19
100103,410,72,,,19.50,,,,,,,,188 GOOSE POND RD,462.3,,,2024-06-19
1136,410,73,,,1.20,,,,,,,,182 GOOSE POND RD,200,,,2024-06-19
1137,410,74,,,0.60,,,,,,,,176 GOOSE POND RD,190,,,2024-06-19
1138,410,75,,,0.17,,,,,,,,174 GOOSE POND RD,60,,,2024-06-19
102732,410,76,,,0.46,,,,,,,,172 GOOSE POND RD,196,,,2024-06-19
1140,410,77,,,2.89,,,,,,,,321 BAKER HILL RD,334.8,,,2024-06-19
1141,410,78,,,0.76,,,,,,,,327 BAKER HILL RD,0,,ROW from 410/77,2024-06-19
1142,410,79,,,7.90,,,,,,,,331 BAKER HILL RD,456,,,2024-06-19
1144,410,80,,,17.85,,,,,,,,347 BAKER HILL RD,522.77,,,2024-06-19
103222,410,80,1000,,12.12,,,,,,,,341 BAKER HILL RD,369.19,,,2024-06-19
101224,411,1,,,17.27,,,,,,,,289 GOOSE POND RD,1495,,,2024-06-20
,411,2,,,,,,,,,,,,,,,2024-06-20
,411,3,,,,,,,,,,,,,,,2024-06-20
1149,411,4,,,24.00,,,,,,,,311 GOOSE POND RD,1006,,,2024-06-20
1150,411,5,,,7.40,,,,,,,,333 GOOSE POND RD,537,,,2024-06-20
1151,411,6,,,135.00,,E????,,CE,,,,349 GOOSE POND RD,1560.3,,,2024-06-20
1152,411,7,,,59.98,,,,,,,,371 GOOSE POND RD,380,,,2024-06-20
,411,8,,,,,,,,,,,,,,,2024-06-20
1154,411,9,,,5.40,,E,,,,,,354 GOOSE POND RD,954.73,,,2024-06-20
1155,411,10,,,17.00,,,,,,,,334 GOOSE POND RD,1240,,,2024-06-20
1156,411,11,,,15.00,,,,,,,,322 GOOSE POND RD,650,,,2024-06-20
1157,411,12,,,11.30,,,,,,,,310 GOOSE POND RD,406,,,2024-06-20
1158,411,13,,,37.00,,,,,,,,290 GOOSE POND RD,1440.43,,,2024-06-20
,412,1,,NoParcel,,,,,,,,,,,,,2024-06-20
1163,412,2,,,55.00,,,,,,,,330 GRAFTON TK,3427,,,2024-06-20
1164,412,3,,,752.00,"2,076.00",,,,,,,280 GRAFTON TK,2310,S,,2024-06-20
1165,413,1,,,0.24,,,,,,,,101 GRAFTON TK,100,,,2024-06-20
1166,413,2,,,7.00,,,,,,,,107 GRAFTON TK,595,,,2024-06-20
1167,413,3,,,5.80,,,,,,,,117 GRAFTON TK,770,,,2024-06-20
102772,413,4,,,372.00,,,ME,,,,,131 GRAFTON TK,2999,,,2024-06-20
1169,413,5,,,13.90,,,ME,,,,,137 GRAFTON TK,433.8,,,2024-06-20
1170,413,6,,,27.30,,,ME,,,,,139 GRAFTON TK,766.9,,,2024-06-20
1171,413,7,,,14.30,,,,,,,,177 GRAFTON TK,1590,S,,2024-06-20
102874,413,8,,,71.00,,,,,,,,177 GRAFTON TPK,2916,,,2024-06-20
1173,413,9,,,66.00,,,,,,,,210 GRAFTON TPK,2775,S,,2024-06-20
1177,413,10,,,286.00,,,,,,,,21 TYLER HILL RD,3060,S,,2024-06-20
1186,413,11,,,23.00,,,,,,,,64 TYLER HILL RD,1600,S,,2024-06-20
,413,12,,NoParcel,,,,,,,,,,,,,2024-06-20
1187,413,13,,,6.30,,,,,,,,194 GRAFTON TK,445.5,,,2024-06-20
1188,413,14,,,105.00,,,,,,,,172 GRAFTON TK,1840,S,,2024-06-20
103197,413,14,E,,0.00,,,,,,,,172 GRAFTON TK,0,,Exepmt property,2024-06-20
1189,413,15,,,95.00,,,,,,,,130 GRAFTON TK,2660,,,2024-06-20
1190,413,16,,,3.10,,,,,,,,100 GRAFTON TK,250,,,2024-06-20
1191,413,17,,,2.95,,,,,,,,96 GRAFTON TK,250,,,2024-06-20
,413,18,,,,,,,,,,,,171.8,,No Vision Record???,2024-06-20
1192,413,19,,,2.70,,E,,,,,,17 CANAAN LEDGE LN (L/O),522.64,,Town,2024-06-20
1193,413,20,,,16.00,,E,,,,,,25 CANAAN LEDGE LN (L/O),180,S,Town,2024-06-20
,413,21,,NoParcel,,,,,,,,,,,,,2024-06-20
1195,413,22,,,7.02,,,,,,,,22 CANAAN LEDGE LN,286.11,,,2024-06-20
1196,413,23,,,2.20,,,,,,,,18 CANAAN LEDGE LN,222.75,,,2024-06-20
1197,413,24,,,2.00,,,,,,,,14 CANAAN LEDGE LN,198.28,,,2024-06-20
1198,413,25,,,0.00,,,,,,,,16 CANAAN LEDGE LN,0,,ROW from 413/24,2024-06-20
1199,413,26,,,2.10,,,,,,,,10 CANAAN LEDGE LN,205.8,,,2024-06-20
1200,413,27,,,2.00,,,,,,,,6 CANAAN LEDGE LN,151.78,,,2024-06-20
1201,413,28,,,2.00,,,,,,,,4 CANAAN LEDGE LN,103.32,,,2024-06-20
1202,413,29,,,2.00,,,,,,,,2 CANAAN LEDGE LN,89.2,,,2024-06-20
1203,413,30,,,2.00,,,,,,,,72 GRAFTON TK,211.6,,,2024-06-20
1204,413,31,,,2.00,,,,,,,,70 GRAFTON TK,184.4,,,2024-06-20
,413,32,,NoParcel,,,,,,,,,,,,,2024-06-20
1206,413,33,,,556.00,,E,,,,,,GRAFTON TK,467.03,,USA,2024-06-20
1207,414,1,,,1.10,,,ME,,,,,5 FLINT HILL RD,424,,,2024-06-20
1208,414,2,,,2.10,,,ME,,,,,17 FLINT HILL RD,488,,,2024-06-20
1209,414,3,,,9.00,,,,,,,,21 FLINT HILL RD,542,,,2024-06-20
,414,4,,,,,,,,414,9,1000,,280,,,2024-06-20
1211,414,5,,,5.03,,,,,,,,35 POUT POND LN,480.01,,,2024-06-20
1212,414,6,,,6.40,,,,,,,,39 POUT POND LN,66.05,,,2024-06-20
1213,414,7,,,3.46,,,,,,,,45 POUT POND LN,310.43,,,2024-06-20
1214,414,8,,,5.03,,,,CE,,,,57 POUT POND LN,640,,,2024-06-20
1215,414,9,1000,,41.90,,,ME,,,,,60 POUT POND LN,545,,,2024-06-20
102692,414,9,2000,,12.20,,,,,,,,62 POUT POND LN,622,,,2024-06-20
,414,10,,,,,E,,,414,27,,,1195,,,2024-06-20
1222,414,11,1100,,12.80,,,,,,,,75 FLINT HILL RD,1039,,,2024-06-20
1223,414,11,1200,,90.40,,,ME,,,,,63 FLINT HILL RD,722,,,2024-06-20
,414,11,2000,NoParcel,,,,,,,,,,,,Not in Vision,2024-06-20
1225,414,12,,,12.40,,,,,,,,91 FLINT HILL RD,407.2,,,2024-06-20
1226,414,13,,,43.70,,,,CE,,,,80 POUT POND LN,0,,ROW from 414/11.12,2024-06-20
1227,414,14,,,65.00,,,ME,CE,,,,39 SMITH MOUNTAIN RD,922,,,2024-06-20
101143,414,15,,,24.50,,,ME,CE,,,,53 SMITH MOUNTAIN RD,1100,,,2024-06-20
1229,414,16,,,11.30,,,,,,,,67 SMITH MOUNTAIN RD,1024,,,2024-06-20
1230,414,17,,,39.00,,,ME,CE,,,,30 SMITH MOUNTAIN RD,2025,S,,2024-06-20
,414,18,,NoParcel,,,,,,,,,,,,,2024-06-20
1232,414,19,,,3.20,,,,,,,,12 SMITH MOUNTAIN RD,542.4,,,2024-06-20
1233,414,20,,,4.20,,,,,,,,99 FLINT HILL RD,610,,,2024-06-20
1234,414,21,,,1.26,,,,,,,,107 FLINT HILL RD,217.9,,,2024-06-20
1235,414,22,,,0.97,,,,,,,,115 FLINT HILL RD,332.5,,,2024-06-20
1236,414,23,,,8.90,,,,,,,,119 FLINT HILL RD,290,,,2024-06-20
,414,24,,,,,,,,414,23,,,575,S,,2024-06-20
1243,414,25,,,29.00,,,,,,,,321 DORCHESTER RD,945,S,,2024-06-20
1247,414,26,1000,,23.60,,,,,,,,74 FLINT HILL RD,1585,,,2024-06-20
1248,414,26,2000,,14.80,,,,,,,,66 FLINT HILL RD,657,,,2024-06-20
1249,414,27,,,36.90,,,,,,,,44 FLINT HILL RD,875,,,2024-06-20
1250,414,28,,,3.00,,,ME,,,,,8 FLINT HILL RD,490,S,,2024-06-20
1251,414,29,,,12.00,,,ME,CE,,,,261 DORCHESTER RD,199.9,,,2024-06-20
1255,414,30,1000,,7.60,,,ME,CE,,,,265 DORCHESTER RD,272.85,,,2024-06-20
1256,414,30,2000,,4.41,,,ME,CE,,,,263 DORCHESTER RD,0,,ROW from 414/31,2024-06-20
1257,414,31,,,3.10,,,ME,,,,,267 DORCHESTER RD,776,,,2024-06-20
1263,414,32,,,37.50,,,,,,,,307 DORCHESTER RD,1841,,,2024-06-20
,414,33,,NoParcel,,,,,,,,,,,,,2024-06-20
1265,414,34,,,3.10,,,,,,,,343 DORCHESTER RD,265.9,,,2024-06-20
1266,414,35,,,5.50,,,,,,,,353 DORCHESTER RD,535.5,,,2024-06-20
1267,414,36,,,2.32,,,,,,,,359 DORCHESTER RD,354,,,2024-06-20
1268,414,37,,,2.20,,,,,,,,361 DORCHESTER RD,0,,ROW from 414/36,2024-06-20
1269,414,38,,,22.00,,,,,,,,371 DORCHESTER RD,565,,,2024-06-20
1270,414,39,,,0.54,,,,,,,,379 DORCHESTER RD (LAND ONLY),200,,,2024-06-20
1271,414,40,,,4.60,,,,,,,,383 DORCHESTER RD,306,,,2024-06-20
1272,414,41,,,76.00,,,,,,,,393 DORCHESTER RD,527,,,2024-06-20
,414,42,,NoParcel,,,,,,,,,,,,,2024-06-20
1274,414,43,,,7.00,,,,,,,,401 DORCHESTER RD,508,,,2024-06-20
1277,414,44,,,149.00,,,,CE,,,,443 DORCHESTER RD,3300,S,Partial easement,2024-06-20
1282,414,45,,,83.00,,E,,,,,,473 DORCHESTER RD,250,S,USA,2024-06-20
,414,46,,NoParcel,,,,,,,,,,,,,2024-06-20
,414,47,,NoParcel,,,,,,,,,,,,,2024-06-20
101582,414,48,,,54.00,,,,,,,,DORCHESTER RD,0,,No frontage?,2024-06-20
1289,414,49,,,88.17,,,,,,,,370 DORCHESTER RD,0,,No frontage?,2024-06-20
1291,414,50,,,12.90,,,,,,,,428 DORCHESTER RD,0,,No frontage?/In Contention,2024-06-20
1292,414,51,,,85.00,,E,,,,,,442 DORCHESTER RD,350,S,USA,2024-06-20
,414,52,,,,,,,,414,44,,,2360,S,,2024-06-20
1298,414,53,,,29.24,,,,,,,,420 DORCHESTER RD,427,,,2024-06-20
1299,414,54,,,0.80,,,,,,,,376 DORCHESTER RD,205,,,2024-06-20
100122,414,55,,,30.00,,,ME,CE,,,,378 DORCHESTER RD,2150,,,2024-06-20
,414,56,,NoParcel,,,,,,,,,,,,,2024-06-20
1302,414,57,,,17.00,,E,,,,,,320 DORCHESTER RD,1861.19,,USA,2024-06-20
1304,414,58,1001P,,354.40,,,,,,,,39 GRAFTON TK (TAXABLE),4084.62,,,2024-06-20
1305,414,58,1002P,,82.60,,,,,,,,39 GRAFTON TK (NON-TAXABLE),0,,Part of 414/58/1001,2024-06-20
,414,59,,NoParcel,,,,,,,,,,,,,2024-06-20
,414,60,,NoParcel,,,,,,,,,,,,,2024-06-20
1309,414,61,1001P,,79.99,,,,,,,,40 GRAFTON TK (TAXABLE),3306.89,,,2024-06-20
1311,414,61,1002P,,102.80,,,,,,,,40 GRAFTON TK (NON-TAXABLE),0,,Part of 414/61/1001,2024-06-20
1313,414,62,,,19.90,,,,,,,,274 DORCHESTER RD,681.9,,,2024-06-20
,414,62,2000,NoParcel,,,,,,,,,,,,,2024-06-20
1319,414,63,,,20.00,,,,,,,,266 DORCHESTER RD,452.1,,,2024-06-20
1323,414,64,,,8.60,,,,,,,,254 DORCHESTER RD,819,,,2024-06-20
101262,414,65,,,12.14,,E,,,,,,46 POUT POND LN,416.35,,,2024-06-20
1312,414,66,,,590.00,,E,,,,,,290 DORCHESTER RD,1254.3,,USA,2024-06-20
1325,415,1,,,5.50,,,,,,,,22 PONY HILL LN,445,S,,2024-06-20
1326,415,2,,,22.20,,,,,,,,55 HARDSCRABBLE LN,1318.3,,,2024-06-20
1327,415,3,,,385.40,,E,,CE,,,,4 TROUT POND LN (TROUT POND,453,,Town,2024-06-20
,415,4,,NoParcel,,,,,,,,,,,,,2024-06-20
,415,5,,NoParcel,,,,,,,,,,,,,2024-06-20
,415,6,,NoParcel,,,,,,,,,,,,,2024-06-20
,415,7,,NoParcel,,,,,,,,,,,,,2024-06-20
1332,415,8,,,55.50,,,,CE,,,,46 HARDSCRABBLE LN,0,,ROW from 415/10,2024-06-20
1333,415,9,,,23.80,,,,CE,,,,58 HARDSCRABBLE LN,1035.5,,,2024-06-20
102691,415,10,,,35.00,,,ME,,,,,42 HARDSCRABBLE LN,598,,,2024-06-20
1335,415,11,,,20.00,,,,,,,,34 HARDSCRABBLE LN,455,,,2024-06-20
1336,415,12,,,145.00,,,,CE,,,,44 HARDSCRABBLE LN,0,,Frontage from 415/10,2024-06-20
1337,415,13,,,13.61,,,,CE,,,,43 POUT POND LN,0,,Frontage from 414/6,2024-06-20
1338,415,14,,,5.28,,,,CE,,,,61 POUT POND LN,226,,,2024-06-20
1340,415,15,,,5.02,,,,CE,,,,65 POUT POND LN,50.4,,,2024-06-20
1341,415,16,,,6.11,,,,CE,,,,67 POUT POND LN,10,,Approx. frontage,2024-06-20
1342,415,17,,,5.28,,,,CE,,,,69 POUT POND LN,10,,Approx. frontage,2024-06-20
1343,415,18,,,5.47,,,,CE,,,,73 POUT POND LN,381.7,,,2024-06-20
1344,415,19,,,298.10,,,,CE,,,,75+77 POUT POND LN,100.8,,,2024-06-20
1352,415,20,1000,,67.57,,,,CE,,,,82 POUT POND LN,50,,Approx. frontage,2024-06-20
1353,415,20,2000,,11.08,,,ME,CE,,,,79 POUT POND LN,191.36,,,2024-06-20
1354,415,20,3000,,9.13,,,,CE,,,,84 POUT POND LN,633.91,,,2024-06-20
1355,415,21,,,139.00,,,,,,,,101 SMITH MOUNTAIN RD,2415,S,,2024-06-20
1356,415,22,,,537.00,"1,872.00",,,CE,,,,141 SMITH MOUNTAIN RD,4738.44,,,2024-06-20
,415,23,,NoParcel,,,,,,,,,,,,,2024-06-20
1358,415,24,,,31.00,,,,,,,,121 TROUT POND LN,0,,Pout Pond frontage,2024-06-20
,415,25,,NoParcel,,,,,,,,,,,,,2024-06-20
1360,415,26,,,117.40,,,,,,,,200 SMITH MOUNTAIN RD,1947,,,2024-06-20
1361,415,27,,,63.70,,,,,,,,174 SMITH MOUNTAIN RD,626,,,2024-06-20
1362,415,28,,,130.00,,,,,,,,164 SMITH MOUNTAIN RD,4480,S,,2024-06-20
1363,415,29,,,112.00,,,,,,,,461 DORCHESTER RD,0,,Frontage on Dorchester?,2024-06-20
1228,415,30,,,70.10,,,ME,CE,,,,55 SMITH MOUNTAIN RD,0,,No frontage?,2024-06-20
1364,416,1,,,18.00,,,,,,,,66 ORFORDVILLE RD,695,,,2024-06-20
1365,416,2,,,2.90,,,,,,,,58 ORFORDVILLE RD,150.2,,,2024-06-20
1366,416,3,,,41.00,,,,CE,,,,40 ORFORDVILLE RD,2290,,,2024-06-20
1367,416,4,,,9.50,,,,,,,,179 PINNACLE RD,775,S,,2024-06-20
,416,5,,,,,,,CE,416,18,,,1424.5,,,2024-06-20
,416,6,,NoParcel,,,,,,,,,,,,,2024-06-20
,416,7,,,,,,,,416,10,,,1270,,,2024-06-20
,416,8,,NoParcel,,,,,,,,,,,,,2024-06-20
,416,9,,NoParcel,,,,,,,,,,,,,2024-06-20
1373,416,10,,,44.50,,,,,,,,226 PINNACLE RD,2155,,,2024-06-20
1374,416,11,,,9.35,,,,,,,,15 DAVISON LN,311.7,,,2024-06-20
1375,416,12,,,700.00,,,,CE,,,,41 DAVISON LN,116.2,,Partial easement,2024-06-20
,416,13,,NoParcel,,,,,,,,,,,,,2024-06-20
1379,416,14,,,65.70,,,,CE,,,,30 DAVISON LN,0,,No frontage?,2024-06-20
,416,15,,NoParcel,,,,,,,,,,,,,2024-06-20
1382,416,16,,,3.60,,,,,,,,16 DAVISON LN,450,,,2024-06-20
,416,17,,NoParcel,,,,,,,,,,,,,2024-06-20
1384,416,18,,,58.90,,,,CE,,,,196 PINNACLE RD,314.7,,Partial easement,2024-06-20
1385,416,19,,,10.51,,,,,,,,192 PINNACLE RD,600,,,2024-06-20
1386,416,20,,,48.00,,,,,,,,25 PONY HILL LN,800,,,2024-06-20
1387,416,21,,,31.00,,,,,,,,50 PONY HILL LN,0,,ROW from 416/20,2024-06-20
1388,416,22,,,135.00,,,,,,,,3 TROUT POND LN,0,,ROW from 415/3,2024-06-20
1389,416,23,,,15.00,,,,,,,,36 PONY HILL LN,810,,,2024-06-20
1394,416,24,,,378.00,,,,,,,,100 DAVISON LN,0,,No frontage?,2024-06-20
1399,416,25,,,70.00,,,,,,,,281 SMITH MOUNTAIN RD,0,,No frontage?,2024-06-20
1400,416,26,,,131.00,,,,,,,,180 CELLARS LN,0,,No frontage?,2024-06-20
1401,416,27,,,56.00,,,,,,,,190 CELLARS LN,0,,No frontage?,2024-06-20
,416,28,,NoParcel,,,,,,,,,,,,,2024-06-20
1402,417,1,,,30.10,,,,,,,,115 ORFORDVILLE RD,1175,,,2024-06-20
1403,417,2,,,3.10,,,,,,,,137 ORFORDVILLE RD,0,,ROW from 417/1,2024-06-20
,417,3,,,,,,,,417,1,,,550,,,2024-06-20
,417,4,,,,,,,,417,5,,,220,,,2024-06-20
1406,417,5,,,77.60,,,ME,,,,,128 ORFORDVILLE RD,455,,,2024-06-20
1410,417,6,1000,,11.15,,,,,,,,120 ORFORDVILLE RD,630.9,,,2024-06-20
100662,417,6,2000,,44.55,,,,,,,,100 ORFORDVILLE RD,1957.75,,,2024-06-20
1412,417,7,,,25.00,,,,,,,,124 CELLARS LN,0,,ROW from 416/12,2024-06-20
1413,418,1,,,35.00,,,,,,,,395 SMITH MOUNTIAN RD,850,S,,2024-06-20
,418,2,,NoParcel,,,,,,,,,,,,,2024-06-20
1417,418,3,,,314.00,,,,,,,,370 SMITH MOUNTAIN RD,0,,ROW on Smith Mountain Rd,2024-06-20
,418,4,,NoParcel,,,,,,,,,,,,,2024-06-20
,418,5,,NoParcel,,,,,,,,,,,,,2024-06-20
1423,419,1,,,777.62,,E,,,,,,1 LAMBERT RG,1804.75,,USA,2024-06-20
,419,2,,NoParcel,,,,,,,,,,,,,2024-06-20
,419,3,,NoParcel,,,,,,,,,,,,,2024-06-20
,419,4,,NoParcel,,,,,,,,,,,,,2024-06-20
,419,5,,NoParcel,,,,,,,,,,,,,2024-06-20
,419,6,,NoParcel,,,,,,,,,,,,,2024-06-20
1435,419,7,,,114.70,,,,,,,,7 LAMBERT RG,2589,,,2024-06-20
1436,419,8,,,64.85,,,,,,,,8 LAMBERT RG,1805.74,,USA-On Lambert Ridge,2024-06-20
1437,419,9,,,89.00,,,,,,,,545 DORCHESTER RD,1901.5,,USA-On Lambert Ridge,2024-06-20
1438,420,1,,,63.00,,E,,,,,,509 DORCHESTER RD,1985,S,USA - No Frontage?,2024-06-20
1439,420,2,,,110.35,,E,,,,,,511 DORCHESTER RD,0,,USA - No Frontage?,2024-06-20
1440,420,3,,,919.00,,E,,,,,,535 DORCHESTER RD,0,,USA - No Frontage?,2024-06-20
1441,420,4,,,6.80,,E,,,,,,525 DORCHESTER RD,0,,USA - No Frontage?,2024-06-20
1442,420,5,,,0.57,,,,,,,,517 DORCHESTER RD (BEALE CEM,210,S,,2024-06-20
1443,420,6,,,124.00,,,,,,,,539 DORCHESTER RD,2641.65,,,2024-06-20
1446,420,7,1000,,243.00,,,,,,,,581 DORCHESTER RD,1140,S,,2024-06-20
1447,420,7,2000,,40.20,,,,,,,,601 DORCHESTER RD,910,,,2024-06-20
1448,420,8,,,15.10,,,,,,,,615 DORCHESTER RD,500,,,2024-06-20
1449,420,9,,,0.87,,,ME,,,,,623 DORCHESTER RD,190.2,,,2024-06-20
1450,420,10,,,0.62,,,,,,,,625 DORCHESTER RD,153,,,2024-06-20
1451,420,11,,,0.17,,,,,,,,629 DORCHESTER RD,65,S,,2024-06-20
,420,12,,,,,,,,420,17,,,132,,,2024-06-20
,420,13,,,,,,,,420,16,,,132.3,,"Assumed ""part of""",2024-06-20
,420,14,,,,,,,,420,15,,,140,S,,2024-06-20
1455,420,15,,,1.00,1.00,,,,,,,638 DORCHESTER RD,140,S,,2024-06-20
1456,420,16,,,0.88,,,,,,,,634 DORCHESTER RD,140,S,,2024-06-20
1457,420,17,,,2.06,,,,,,,,632 DORCHESTER RD,145,,,2024-06-20
,420,18,,,,,,,,420,17,,,175,,,2024-06-20
,420,19,,NoParcel,,,,,,,,,,,,,2024-06-20
,420,20,,,,,,,,420,22,,,1430,,,2024-06-20
,420,21,,NoParcel,,,,,,,,,,,,,2024-06-20
1462,420,22,,,73.67,,,,,,,,622 DORCHESTER RD,1060,,,2024-06-20
,420,23,,NoParcel,,,,,,,,,,,,,2024-06-20
1464,420,24,,,33.00,,,,,,,,552 DORCHESTER RD,0,,No frontage?,2024-06-20
,420,25,,NoParcel,,,,,,,,,,,,,2024-06-20
1466,420,26,,,79.00,,,,,,,,550 DORCHESTER RD,1630,S,Baptist Chrch,2024-06-20
102875,420,27,,,370.00,,,,,,,,520 DORCHESTER RD,2070,S,,2024-06-20
1468,420,28,,,30.50,,,ME,,,,,500 DORCHESTER RD,267,,,2024-06-20
1469,421,1,,,0.37,,E,,,,,,637 DORCHESTER RD (LAND ONLY),110,S,Town,2024-06-20
,421,2,,NoParcel,,,,,,,,,,,,,2024-06-20
1471,421,3,,,0.47,,,,,,,,641 DORCHESTER RD,105,S,,2024-06-20
1472,421,4,,,1.43,,,,,,,,643 DORCHESTER RD,240,S,,2024-06-20
1473,421,5,,,16.14,,,,,,,,645 DORCHESTER RD,135,S,,2024-06-20
,421,6,,NoParcel,,,,,,,,,,,,,2024-06-20
1475,421,7,,,16.32,,,,,,,,651 DORCHESTER RD,400,S,,2024-06-20
,421,8,,,,,,,,,,,,,,,2024-06-20
1477,421,9,,,1.91,,,,CE,,,,658 DORCHESTER RD,150,S,,2024-06-20
,421,10,,NoParcel,,,,,,,,,,,,,2024-06-20
,421,11,,NoParcel,,,,,,,,,,,,,2024-06-20
,421,12,,,,,,,,421,4,,,260,S,,2024-06-20
,421,13,,,,,,,,421,3,,,120,S,"Assumed ""part of""",2024-06-20
,421,14,,NoParcel,,,,,,,,,,,,,2024-06-20
,421,15,,,,,E,,,421,1,,,70,S,"Assumed ""part of""",2024-06-20
1484,421,16,,,3.67,,,,,,,,41 OLD DORCHESTER RD,314,,,2024-06-20
1485,421,17,,,6.94,,,,,,,,636 DORCHESTER RD,443.9,,On Old Dorch. Rd,2024-06-20
1486,421,18,,,76.33,,,ME,,,,,50 OLD DORCHESTER RD,750,,Approx frontage,2024-06-20
,421,19,,NoParcel,,,,,,,,,,,,,2024-06-20
1488,421,20,,,222.00,,,,,,,,680 DORCHESTER RD,0,,No frontage?,2024-06-20
1489,421,21,,,207.33,,,,CE,,,,700 DORCHESTER RD,0,,No frontage?,2024-06-20
101562,421,22,,,213.00,,,,,,,,626 DORCHESTER RD,0,,No frontage?,2024-06-20
100202,422,1,,,752.00,,,,,,,,345 GRAFTON TK,0,,No frontage?,2024-06-20
,,,,,,,,,,,,,,,,,