100000	FPL	FIREPLCE/MET F	1.00	UNITS	1600	1	2024-10-27
100000	GNRA	SV GENERATOR	1.00	UNITS	5100	1	2024-10-27
100000	HRTH	HEARTH-INC FLU	1.00	UNITS	1700	1	2024-10-27
100021	FPLD	DELUX FIREPLAC	1.00	UNITS	10000	1	2024-10-27
100103	HRTH	HEARTH-INC FLU	1.00	UNITS	1200	1	2024-10-27
100122	FPL1	FIREPLACE 1 ST	1.00	UNITS	3400	1	2024-10-27
100142	FPL1	FIREPLACE 1 ST	1.00	UNITS	3200	1	2024-10-27
100162	FPL1	FIREPLACE 1 ST	1.00	UNITS	3200	1	2024-10-27
100163	FPL1	FIREPLACE 1 ST	1.00	UNITS	3200	1	2024-10-27
100164	FPL1	FIREPLACE 1 ST	1.00	UNITS	3000	1	2024-10-27
100182	FPL1	FIREPLACE 1 ST	2.00	UNITS	7100	1	2024-10-27
100184	FPL2	1.5 STORY CHIM	2.00	UNITS	3800	1	2024-10-27
100243	FPL	FIREPLCE/MET F	1.00	UNITS	1500	1	2024-10-27
100262	FPL2	1.5 STORY CHIM	1.00	UNITS	3800	1	2024-10-27
100262	FPL3	2 STORY CHIM	2.00	UNITS	8500	1	2024-10-27
100262	FPO	EXTRA FPL OPEN	2.00	UNITS	2000	1	2024-10-27
100263	FPL3	2 STORY CHIM	1.00	UNITS	4300	1	2024-10-27
100263	HRTA	HEARTH-FLDPR	1.00	UNITS	800	1	2024-10-27
100265	HRTH	HEARTH-INC FLU	1.00	UNITS	1700	1	2024-10-27
100282	FPL3	2 STORY CHIM	1.00	UNITS	4200	1	2024-10-27
1003	FLU2	FLUE BRICK	1.00	UNITS	600	1	2024-10-27
100302	HRTA	HEARTH-FLDPR	1.00	UNITS	800	1	2024-10-27
1004	FPL3	2 STORY CHIM	1.00	UNITS	4300	1	2024-10-27
1004	HRTH	HEARTH-INC FLU	2.00	UNITS	3100	1	2024-10-27
100422	FPL1	FIREPLACE 1 ST	2.00	UNITS	7200	1	2024-10-27
100422	FPO	EXTRA FPL OPEN	2.00	UNITS	2200	1	2024-10-27
100442	HRTH	HEARTH-INC FLU	1.00	UNITS	1600	1	2024-10-27
100463	FPL1	FIREPLACE 1 ST	1.00	UNITS	3400	1	2024-10-27
100482	FPL3	2 STORY CHIM	1.00	UNITS	4300	1	2024-10-27
1005	FPL	FIREPLCE/MET F	1.00	UNITS	1300	2	2024-10-27
1005	HRTH	HEARTH-INC FLU	1.00	UNITS	1400	1	2024-10-27
100502	FPL3	2 STORY CHIM	1.00	UNITS	4500	1	2024-10-27
100502	FPO	EXTRA FPL OPEN	2.00	UNITS	2200	1	2024-10-27
100503	FPL3	2 STORY CHIM	1.00	UNITS	4500	1	2024-10-27
100522	FPL1	FIREPLACE 1 ST	1.00	UNITS	3200	1	2024-10-27
100523	FPL2	1.5 STORY CHIM	1.00	UNITS	4100	1	2024-10-27
100523	FPO	EXTRA FPL OPEN	1.00	UNITS	1100	1	2024-10-27
100542	FPL2	1.5 STORY CHIM	1.00	UNITS	4100	1	2024-10-27
100542	FPO	EXTRA FPL OPEN	1.00	UNITS	1100	1	2024-10-27
100542	HRTA	HEARTH-FLDPR	1.00	UNITS	900	1	2024-10-27
100543	FPL3	2 STORY CHIM	1.00	UNITS	3800	1	2024-10-27
100543	FPO	EXTRA FPL OPEN	2.00	UNITS	1800	1	2024-10-27
100562	FPL2	1.5 STORY CHIM	1.00	UNITS	4100	1	2024-10-27
100562	FPO	EXTRA FPL OPEN	1.00	UNITS	1100	1	2024-10-27
100563	FLU2	FLUE BRICK	1.00	UNITS	700	1	2024-10-27
100582	FPL2	1.5 STORY CHIM	1.00	UNITS	3800	1	2024-10-27
100583	ELV1	2 STOP/PSNGR	1.00	UNITS	51700	3	2024-10-27
1006	GNRA	SV GENERATOR	1.00	UNITS	4400	1	2024-10-27
100742	FPL	FIREPLCE/MET F	1.00	UNITS	1600	1	2024-10-27
100742	GNRA	SV GENERATOR	1.00	UNITS	5000	1	2024-10-27
101	A/C	AIR CONDITION	1100.00	S.F.	2100	1	2024-10-27
101162	FPL2	1.5 STORY CHIM	1.00	UNITS	3200	1	2024-10-27
101182	JAC	JETTUB	1.00	UNITS	1600	1	2024-10-27
101224	FPL2	1.5 STORY CHIM	1.00	UNITS	3800	1	2024-10-27
101224	KTH1	EXTRA KITCHEN	1.00	UNITS	600	1	2024-10-27
101242	FLU2	FLUE BRICK	1.00	UNITS	700	1	2024-10-27
101242	FPL3	2 STORY CHIM	1.00	UNITS	4400	1	2024-10-27
101242	HOTT	HOT TUB	1.00	UNITS	3400	1	2024-10-27
101243	FPL1	FIREPLACE 1 ST	2.00	UNITS	7300	1	2024-10-27
101243	FPL3	2 STORY CHIM	1.00	UNITS	4600	1	2024-10-27
101262	FPL	FIREPLCE/MET F	2.00	UNITS	1800	1	2024-10-27
101262	JAC	JETTUB	1.00	UNITS	1500	1	2024-10-27
101282	FPL2	1.5 STORY CHIM	1.00	UNITS	3600	1	2024-10-27
101282	FPO	EXTRA FPL OPEN	2.00	UNITS	1900	1	2024-10-27
101282	GNRA	SV GENERATOR	1.00	UNITS	4400	1	2024-10-27
101282	HRTH	HEARTH-INC FLU	1.00	UNITS	1400	1	2024-10-27
101325	FPL3	2 STORY CHIM	1.00	UNITS	4400	1	2024-10-27
101325	HRTH	HEARTH-INC FLU	1.00	UNITS	1600	1	2024-10-27
101342	FPL1	FIREPLACE 1 ST	1.00	UNITS	3300	1	2024-10-27
101342	FPL2	1.5 STORY CHIM	1.00	UNITS	3700	1	2024-10-27
101342	FPO	EXTRA FPL OPEN	1.00	UNITS	1000	1	2024-10-27
101342	JAC	JETTUB	1.00	UNITS	1400	1	2024-10-27
101382	FPL2	1.5 STORY CHIM	1.00	UNITS	3900	1	2024-10-27
101462	FPL3	2 STORY CHIM	1.00	UNITS	4900	1	2024-10-27
101523	FPL2	1.5 STORY CHIM	1.00	UNITS	4100	1	2024-10-27
101523	GNRA	SV GENERATOR	1.00	UNITS	5000	1	2024-10-27
101523	HRTH	HEARTH-INC FLU	1.00	UNITS	1600	1	2024-10-27
101542	NFP2	NONFCTG FPL2	1.00	UNITS	1700	1	2024-10-27
1016	HRTH	HEARTH-INC FLU	1.00	UNITS	1200	1	2024-10-27
101622	FPL	FIREPLCE/MET F	1.00	UNITS	1700	1	2024-10-27
101642	FPL	FIREPLCE/MET F	1.00	UNITS	1600	1	2024-10-27
1018	FLU1	FLUE CONCRETE	1.00	UNITS	300	1	2024-10-27
1020	FLU1	FLUE CONCRETE	1.00	UNITS	400	1	2024-10-27
1024	HRTH	HEARTH-INC FLU	1.00	UNITS	1200	1	2024-10-27
1025	HRTH	HEARTH-INC FLU	1.00	UNITS	1300	1	2024-10-27
1026	FPL2	1.5 STORY CHIM	1.00	UNITS	3000	1	2024-10-27
1026	HRTH	HEARTH-INC FLU	1.00	UNITS	1200	1	2024-10-27
102644	FPLC	1 ST CAMP FPL	1.00	UNITS	1500	1	2024-10-27
102691	FPL2	1.5 STORY CHIM	1.00	UNITS	3700	1	2024-10-27
102691	HOTT	HOT TUB	1.00	UNITS	3200	1	2024-10-27
102692	FPL3	2 STORY CHIM	1.00	UNITS	4400	1	2024-10-27
102736	HRTH	HEARTH-INC FLU	1.00	UNITS	1600	1	2024-10-27
102736	JAC	JETTUB	1.00	UNITS	1500	1	2024-10-27
102766	HRTH	HEARTH-INC FLU	1.00	UNITS	1400	1	2024-10-27
102834	GNRA	SV GENERATOR	1.00	UNITS	5400	1	2024-10-27
102834	HOTT	HOT TUB	1.00	UNITS	3800	1	2024-10-27
102834	SHWR	EXT SHOWER	1.00	UNITS	400	1	2024-10-27
102896	KTH1	EXTRA KITCHEN	1.00	UNITS	2500	1	2024-10-27
102897	FPLC	1 ST CAMP FPL	1.00	UNITS	1100	3	2024-10-27
103	FPL3	2 STORY CHIM	1.00	UNITS	3100	1	2024-10-27
1030	FPL1	FIREPLACE 1 ST	1.00	UNITS	3200	1	2024-10-27
1030	GNRA	SV GENERATOR	1.00	UNITS	4300	1	2024-10-27
1030	HRTH	HEARTH-INC FLU	1.00	UNITS	1400	1	2024-10-27
103057	FPL2	1.5 STORY CHIM	1.00	UNITS	3800	1	2024-10-27
103057	GNRA	SV GENERATOR	1.00	UNITS	4700	1	2024-10-27
103057	JAC	JETTUB	1.00	UNITS	1400	1	2024-10-27
1031	FPL1	FIREPLACE 1 ST	1.00	UNITS	2700	1	2024-10-27
1031	HRTH	HEARTH-INC FLU	1.00	UNITS	1200	1	2024-10-27
103197	GENR	SV GENERATOR >20KW	1.00	UNITS	16200	1	2024-10-27
103224	FPO	EXTRA FPL OPEN	1.00	UNITS	600	1	2024-10-27
103224	NFP2	NONFCTG FPL2	1.00	UNITS	1200	1	2024-10-27
103227	FPLC	1 ST CAMP FPL	1.00	UNITS	800	1	2024-10-27
103227	FPO	EXTRA FPL OPEN	1.00	UNITS	600	1	2024-10-27
103228	FPLC	1 ST CAMP FPL	1.00	UNITS	1400	1	2024-10-27
103229	FPLC	1 ST CAMP FPL	0.00	UNITS	0	1	2024-10-27
103230	FPLC	1 ST CAMP FPL	1.00	UNITS	1400	1	2024-10-27
103233	FPLC	1 ST CAMP FPL	1.00	UNITS	1400	1	2024-10-27
103233	FPO	EXTRA FPL OPEN	0.00	UNITS	0	1	2024-10-27
103237	HRTA	HEARTH-FLDPR	1.00	UNITS	500	1	2024-10-27
103238	FPLC	1 ST CAMP FPL	1.00	UNITS	1400	1	2024-10-27
103239	FPLC	1 ST CAMP FPL	0.00	UNITS	0	1	2024-10-27
103240	FPLC	1 ST CAMP FPL	1.00	UNITS	1400	1	2024-10-27
103242	 	 	0.00		 	1	2024-10-27
103243	FPLC	1 ST CAMP FPL	1.00	UNITS	1400	1	2024-10-27
103244	FPLC	1 ST CAMP FPL	1.00	UNITS	1400	1	2024-10-27
103245	FPLC	1 ST CAMP FPL	1.00	UNITS	1400	1	2024-10-27
103246	FPLC	1 ST CAMP FPL	1.00	UNITS	1400	1	2024-10-27
103247	FPLC	1 ST CAMP FPL	1.00	UNITS	1400	1	2024-10-27
103248	FPLC	1 ST CAMP FPL	1.00	UNITS	1400	1	2024-10-27
103249	FPLC	1 ST CAMP FPL	1.00	UNITS	1500	1	2024-10-27
103250	FPLC	1 ST CAMP FPL	1.00	UNITS	1400	1	2024-10-27
1033	GNRA	SV GENERATOR	1.00	UNITS	4000	1	2024-10-27
1033	HRTH	HEARTH-INC FLU	1.00	UNITS	1300	1	2024-10-27
1035	HRTH	HEARTH-INC FLU	1.00	UNITS	1100	1	2024-10-27
1037	FLU1	FLUE CONCRETE	1.00	UNITS	200	1	2024-10-27
1038	HRTA	HEARTH-FLDPR	1.00	UNITS	700	1	2024-10-27
104	A/C	AIR CONDITION	4700.00	S.F.	10200	1	2024-10-27
104	GNRB	SV GENERATOR	1.00	UNITS	7900	1	2024-10-27
1040	FPL2	1.5 STORY CHIM	1.00	UNITS	3800	1	2024-10-27
1041	FPL3	2 STORY CHIM	1.00	UNITS	4000	1	2024-10-27
1041	HRTH	HEARTH-INC FLU	1.00	UNITS	1400	1	2024-10-27
1042	GNRA	SV GENERATOR	1.00	UNITS	4700	1	2024-10-27
1052	FPL2	1.5 STORY CHIM	1.00	UNITS	3200	1	2024-10-27
1052	GNRA	SV GENERATOR	1.00	UNITS	4000	1	2024-10-27
1053	FPL2	1.5 STORY CHIM	3.00	UNITS	11500	1	2024-10-27
1053	FPO	EXTRA FPL OPEN	2.00	UNITS	2000	1	2024-10-27
1053	NFP2	NONFCTG FPL2	2.00	UNITS	4100	1	2024-10-27
1054	FPLD	DELUX FIREPLAC	1.00	UNITS	9700	1	2024-10-27
1054	GNRA	SV GENERATOR	1.00	UNITS	0	1	2024-10-27
1054	JAC	JETTUB	1.00	UNITS	1500	1	2024-10-27
1054	KTH1	EXTRA KITCHEN	1.00	UNITS	2200	1	2024-10-27
106	FPL1	FIREPLACE 1 ST	1.00	UNITS	2900	1	2024-10-27
106	GNRA	SV GENERATOR	2.00	UNITS	0	1	2024-10-27
106	HRTH	HEARTH-INC FLU	1.00	UNITS	1400	2	2024-10-27
106	HRTH	HEARTH-INC FLU	2.00	UNITS	2600	1	2024-10-27
1060	FPL3	2 STORY CHIM	1.00	UNITS	4400	1	2024-10-27
1060	FPO	EXTRA FPL OPEN	3.00	UNITS	3100	1	2024-10-27
1064	FPL1	FIREPLACE 1 ST	1.00	UNITS	3400	1	2024-10-27
1064	FPL3	2 STORY CHIM	1.00	UNITS	4300	1	2024-10-27
1064	GNRA	SV GENERATOR	1.00	UNITS	4700	1	2024-10-27
1068	FPL2	1.5 STORY CHIM	1.00	UNITS	3700	1	2024-10-27
1068	FPL3	2 STORY CHIM	1.00	UNITS	4200	1	2024-10-27
1068	FPO	EXTRA FPL OPEN	1.00	UNITS	1000	1	2024-10-27
107	FPL	FIREPLCE/MET F	1.00	UNITS	1000	2	2024-10-27
107	GNRB	SV GENERATOR	1.00	UNITS	7700	1	2024-10-27
107	HRTH	HEARTH-INC FLU	1.00	UNITS	1300	1	2024-10-27
1070	HRTH	HEARTH-INC FLU	1.00	UNITS	1400	1	2024-10-27
1071	FPL	FIREPLCE/MET F	2.00	UNITS	3300	1	2024-10-27
1078	FPL1	FIREPLACE 1 ST	1.00	UNITS	3200	1	2024-10-27
1078	GNRA	SV GENERATOR	1.00	UNITS	4300	1	2024-10-27
1078	HRTH	HEARTH-INC FLU	1.00	UNITS	1400	1	2024-10-27
1082	FPLC	1 ST CAMP FPL	1.00	UNITS	1800	1	2024-10-27
1091	HRTA	HEARTH-FLDPR	1.00	UNITS	600	1	2024-10-27
1092	FPL2	1.5 STORY CHIM	1.00	UNITS	4100	1	2024-10-27
1092	HRTH	HEARTH-INC FLU	1.00	UNITS	1600	1	2024-10-27
1094	HRTH	HEARTH-INC FLU	1.00	UNITS	1200	1	2024-10-27
1094	JAC	JETTUB	1.00	UNITS	1100	1	2024-10-27
1096	FPL2	1.5 STORY CHIM	1.00	UNITS	4300	2	2024-10-27
1096	FPL3	2 STORY CHIM	1.00	UNITS	4600	1	2024-10-27
1096	GNRA	SV GENERATOR	1.00	UNITS	4100	2	2024-10-27
1096	JAC	JETTUB	1.00	UNITS	1500	1	2024-10-27
1099	FLU2	FLUE BRICK	1.00	UNITS	600	1	2024-10-27
1099	HRTC	HEARTH - FP	1.00	UNITS	1100	1	2024-10-27
1101	HRTH	HEARTH-INC FLU	1.00	UNITS	1300	1	2024-10-27
1101	JAC	JETTUB	1.00	UNITS	1200	1	2024-10-27
1102	HRTH	HEARTH-INC FLU	1.00	UNITS	1200	1	2024-10-27
1104	FPL2	1.5 STORY CHIM	3.00	UNITS	11500	1	2024-10-27
1104	GNRA	SV GENERATOR	1.00	UNITS	4700	1	2024-10-27
1105	FPL3	2 STORY CHIM	1.00	UNITS	4500	1	2024-10-27
1105	HRTH	HEARTH-INC FLU	1.00	UNITS	1600	1	2024-10-27
1109	FPL2	1.5 STORY CHIM	2.00	UNITS	7700	1	2024-10-27
1112	HRTH	HEARTH-INC FLU	1.00	UNITS	1400	1	2024-10-27
1118	HRTH	HEARTH-INC FLU	1.00	UNITS	1500	1	2024-10-27
1120	HRTH	HEARTH-INC FLU	1.00	UNITS	1600	1	2024-10-27
1121	FPL1	FIREPLACE 1 ST	1.00	UNITS	3200	1	2024-10-27
1126	HRTH	HEARTH-INC FLU	1.00	UNITS	1400	1	2024-10-27
1131	FPL1	FIREPLACE 1 ST	1.00	UNITS	2400	1	2024-10-27
1132	FPL2	1.5 STORY CHIM	1.00	UNITS	3800	1	2024-10-27
1132	GNRA	SV GENERATOR	1.00	UNITS	4700	1	2024-10-27
1132	HRTH	HEARTH-INC FLU	1.00	UNITS	1500	1	2024-10-27
1133	FPL1	FIREPLACE 1 ST	1.00	UNITS	2600	1	2024-10-27
1140	HRTH	HEARTH-INC FLU	1.00	UNITS	1300	1	2024-10-27
1144	FPL2	1.5 STORY CHIM	1.00	UNITS	3500	1	2024-10-27
1144	JAC	JETTUB	1.00	UNITS	1300	1	2024-10-27
1149	GNRA	SV GENERATOR	1.00	UNITS	4000	1	2024-10-27
1149	HRTH	HEARTH-INC FLU	1.00	UNITS	1300	1	2024-10-27
1150	HRTH	HEARTH-INC FLU	2.00	UNITS	2900	1	2024-10-27
1156	FPL2	1.5 STORY CHIM	1.00	UNITS	3800	1	2024-10-27
1156	HRTH	HEARTH-INC FLU	1.00	UNITS	1500	1	2024-10-27
1165	FPL1	FIREPLACE 1 ST	1.00	UNITS	2900	1	2024-10-27
1167	FPL1	FIREPLACE 1 ST	1.00	UNITS	2800	1	2024-10-27
1169	HRTH	HEARTH-INC FLU	1.00	UNITS	1500	1	2024-10-27
1170	HRTH	HEARTH-INC FLU	1.00	UNITS	1400	1	2024-10-27
1173	HRTA	HEARTH-FLDPR	1.00	UNITS	800	1	2024-10-27
118	MEZ	MEZANINE LC	1080.00	UNITS	5900	1	2024-10-27
1188	FPLD	DELUX FIREPLAC	1.00	UNITS	8300	1	2024-10-27
1188	GENR	SV GENERATOR >20KW	1.00	UNITS	12400	1	2024-10-27
1195	FPL3	2 STORY CHIM	1.00	UNITS	3700	1	2024-10-27
1195	FPO	EXTRA FPL OPEN	1.00	UNITS	900	1	2024-10-27
1195	GNRA	SV GENERATOR	1.00	UNITS	4000	1	2024-10-27
1195	HRTH	HEARTH-INC FLU	1.00	UNITS	1300	1	2024-10-27
1195	SHR1	SHOWER STALL	1.00	UNITS	700	1	2024-10-27
1196	FPL2	1.5 STORY CHIM	1.00	UNITS	3400	1	2024-10-27
1196	HRTH	HEARTH-INC FLU	2.00	UNITS	2700	1	2024-10-27
1199	HRTH	HEARTH-INC FLU	1.00	UNITS	1000	1	2024-10-27
12	FPL2	1.5 STORY CHIM	1.00	UNITS	3800	1	2024-10-27
1200	HRTH	HEARTH-INC FLU	1.00	UNITS	1200	1	2024-10-27
1201	FPL	FIREPLCE/MET F	1.00	UNITS	1500	1	2024-10-27
1203	FPL	FIREPLCE/MET F	1.00	UNITS	1300	1	2024-10-27
1203	GNRA	SV GENERATOR	1.00	UNITS	4200	1	2024-10-27
1204	HRTH	HEARTH-INC FLU	1.00	UNITS	1500	1	2024-10-27
1208	FLU2	FLUE BRICK	2.00	UNITS	1200	1	2024-10-27
1208	FPL2	1.5 STORY CHIM	1.00	UNITS	3400	1	2024-10-27
1208	HRTH	HEARTH-INC FLU	1.00	UNITS	1400	1	2024-10-27
1209	HRTH	HEARTH-INC FLU	1.00	UNITS	1300	1	2024-10-27
1212	FPL3	2 STORY CHIM	1.00	UNITS	4700	1	2024-10-27
1212	JAC	JETTUB	1.00	UNITS	1500	1	2024-10-27
1213	FPL2	1.5 STORY CHIM	1.00	UNITS	3600	1	2024-10-27
1222	GNRA	SV GENERATOR	1.00	UNITS	5100	3	2024-10-27
1222	HRTH	HEARTH-INC FLU	1.00	UNITS	1700	3	2024-10-27
1226	FPL2	1.5 STORY CHIM	2.00	UNITS	7500	1	2024-10-27
1226	GNRA	SV GENERATOR	1.00	UNITS	4600	1	2024-10-27
1227	FPL3	2 STORY CHIM	1.00	UNITS	3700	1	2024-10-27
1227	FPO	EXTRA FPL OPEN	2.00	UNITS	1800	1	2024-10-27
1228	FPL2	1.5 STORY CHIM	1.00	UNITS	3400	1	2024-10-27
1228	GNRA	SV GENERATOR	1.00	UNITS	4100	1	2024-10-27
1229	FLU1	FLUE CONCRETE	1.00	UNITS	400	1	2024-10-27
1229	GNRA	SV GENERATOR	1.00	UNITS	3700	1	2024-10-27
1230	NFPO	NONFNCTG FPO	1.00	UNITS	500	1	2024-10-27
1233	FPL1	FIREPLACE 1 ST	1.00	UNITS	3200	1	2024-10-27
1233	SAU	SAUNA	48.00	S.F.	5000	1	2024-10-27
124	LFT1	LIFT-LIGHT	2.00	UNITS	3500	2	2024-10-27
1247	GNRA	SV GENERATOR	1.00	UNITS	4700	1	2024-10-27
1247	HRTH	HEARTH-INC FLU	2.00	UNITS	3100	1	2024-10-27
1247	JAC	JETTUB	1.00	UNITS	1400	1	2024-10-27
1248	HRTH	HEARTH-INC FLU	1.00	UNITS	1500	1	2024-10-27
1248	JAC	JETTUB	1.00	UNITS	1300	1	2024-10-27
1249	FPL3	2 STORY CHIM	1.00	UNITS	3300	1	2024-10-27
1249	FPO	EXTRA FPL OPEN	1.00	UNITS	800	1	2024-10-27
125	HRTH	HEARTH-INC FLU	1.00	UNITS	1400	1	2024-10-27
1250	FLU2	FLUE BRICK	1.00	UNITS	700	1	2024-10-27
1250	HRTA	HEARTH-FLDPR	1.00	UNITS	800	1	2024-10-27
1251	FPL3	2 STORY CHIM	2.00	UNITS	8700	1	2024-10-27
1256	FPL2	1.5 STORY CHIM	1.00	UNITS	3500	1	2024-10-27
1256	HRTA	HEARTH-FLDPR	1.00	UNITS	700	1	2024-10-27
1256	SHWR	EXT SHOWER	1.00	UNITS	300	1	2024-10-27
1263	FPL2	1.5 STORY CHIM	1.00	UNITS	3200	1	2024-10-27
1265	FPL2	1.5 STORY CHIM	1.00	UNITS	3600	1	2024-10-27
1266	FPL2	1.5 STORY CHIM	1.00	UNITS	3600	1	2024-10-27
1266	FPO	EXTRA FPL OPEN	2.00	UNITS	1900	1	2024-10-27
1269	FLU2	FLUE BRICK	1.00	UNITS	700	1	2024-10-27
127	FPL3	2 STORY CHIM	1.00	UNITS	4300	1	2024-10-27
127	FPO	EXTRA FPL OPEN	1.00	UNITS	1000	1	2024-10-27
127	HRTH	HEARTH-INC FLU	1.00	UNITS	1500	1	2024-10-27
1271	FPL2	1.5 STORY CHIM	1.00	UNITS	4100	1	2024-10-27
1298	FPL2	1.5 STORY CHIM	1.00	UNITS	4100	1	2024-10-27
1298	FPO	EXTRA FPL OPEN	1.00	UNITS	1100	1	2024-10-27
1298	HOTT	HOT TUB	1.00	UNITS	3500	1	2024-10-27
1304	ELV1	2 STOP/PSNGR	1.00	UNITS	9400	1	2024-10-27
1304	FPL1	FIREPLACE 1 ST	1.00	UNITS	2900	2	2024-10-27
1304	FPL3	2 STORY CHIM	1.00	UNITS	900	1	2024-10-27
1304	SPR1	SPRINKLERS-WET	15966.00	S.F.	8100	1	2024-10-27
1305	ELV1	2 STOP/PSNGR	1.00	UNITS	38000	1	2024-10-27
1305	FPL3	2 STORY CHIM	1.00	UNITS	3500	1	2024-10-27
1305	GNRB	SV GENERATOR	1.00	UNITS	7300	2	2024-10-27
1305	MEZ2	FINISHED	165.00	S.F.	1700	3	2024-10-27
1305	SPR1	SPRINKLERS-WET	15966.00	S.F.	33000	1	2024-10-27
1313	HRTH	HEARTH-INC FLU	1.00	UNITS	1500	1	2024-10-27
1313	JAC	JETTUB	1.00	UNITS	1400	1	2024-10-27
1323	FPL3	2 STORY CHIM	1.00	UNITS	4000	1	2024-10-27
1323	HRTH	HEARTH-INC FLU	1.00	UNITS	1400	1	2024-10-27
1325	FPL2	1.5 STORY CHIM	2.00	UNITS	6600	1	2024-10-27
1326	FPL3	2 STORY CHIM	2.00	UNITS	9000	1	2024-10-27
1326	FPO	EXTRA FPL OPEN	3.00	UNITS	3200	1	2024-10-27
1326	HRTH	HEARTH-INC FLU	1.00	UNITS	1600	1	2024-10-27
1333	FPL2	1.5 STORY CHIM	1.00	UNITS	3400	1	2024-10-27
1333	FPL3	2 STORY CHIM	1.00	UNITS	3800	1	2024-10-27
1333	FPO	EXTRA FPL OPEN	1.00	UNITS	900	1	2024-10-27
1333	JAC	JETTUB	1.00	UNITS	1300	1	2024-10-27
1335	HRTH	HEARTH-INC FLU	1.00	UNITS	1400	1	2024-10-27
1338	FPL	FIREPLCE/MET F	1.00	UNITS	1400	1	2024-10-27
1338	FPL2	1.5 STORY CHIM	1.00	UNITS	3600	1	2024-10-27
1338	JAC	JETTUB	2.00	UNITS	2700	1	2024-10-27
1340	HRTH	HEARTH-INC FLU	1.00	UNITS	1300	1	2024-10-27
1341	FPL2	1.5 STORY CHIM	2.00	UNITS	7300	1	2024-10-27
1341	HRTH	HEARTH-INC FLU	1.00	UNITS	1500	1	2024-10-27
1342	FPL2	1.5 STORY CHIM	1.00	UNITS	3400	1	2024-10-27
1344	FPLD	DELUX FIREPLAC	1.00	UNITS	8300	1	2024-10-27
1344	JAC	JETTUB	1.00	UNITS	1200	1	2024-10-27
1352	HRTA	HEARTH-FLDPR	1.00	UNITS	800	1	2024-10-27
1353	FPL2	1.5 STORY CHIM	1.00	UNITS	4000	1	2024-10-27
1353	JAC	JETTUB	1.00	UNITS	1500	1	2024-10-27
1354	FPL3	2 STORY CHIM	1.00	UNITS	4400	1	2024-10-27
1354	GNRA	SV GENERATOR	1.00	UNITS	4800	1	2024-10-27
137	FLU2	FLUE BRICK	1.00	UNITS	500	1	2024-10-27
1373	FPL2	1.5 STORY CHIM	2.00	UNITS	7900	1	2024-10-27
1373	FPL3	2 STORY CHIM	1.00	UNITS	4400	1	2024-10-27
1373	GNRA	SV GENERATOR	1.00	UNITS	4800	1	2024-10-27
1374	FPL3	2 STORY CHIM	1.00	UNITS	3800	1	2024-10-27
1374	FPO	EXTRA FPL OPEN	1.00	UNITS	900	1	2024-10-27
1375	FPL2	1.5 STORY CHIM	3.00	UNITS	12200	1	2024-10-27
1375	GNRA	SV GENERATOR	1.00	UNITS	5000	1	2024-10-27
138	ELV1	2 STOP/PSNGR	1.00	UNITS	39600	1	2024-10-27
138	SPR1	SPRINKLERS-WET	10697.00	S.F.	23100	1	2024-10-27
1382	FPL1	FIREPLACE 1 ST	1.00	UNITS	3400	1	2024-10-27
1382	FPL2	1.5 STORY CHIM	1.00	UNITS	3800	1	2024-10-27
1382	FPO	EXTRA FPL OPEN	1.00	UNITS	1000	1	2024-10-27
1384	FPL2	1.5 STORY CHIM	1.00	UNITS	3800	1	2024-10-27
1384	GNRA	SV GENERATOR	1.00	UNITS	4700	1	2024-10-27
1384	HRTH	HEARTH-INC FLU	1.00	UNITS	1500	1	2024-10-27
1385	FPL2	1.5 STORY CHIM	2.00	UNITS	7700	1	2024-10-27
1385	HRTH	HEARTH-INC FLU	1.00	UNITS	1500	1	2024-10-27
1385	NFP2	NONFCTG FPL2	2.00	UNITS	2400	1	2024-10-27
1386	FPLD	DELUX FIREPLAC	1.00	UNITS	10000	1	2024-10-27
1386	FPO	EXTRA FPL OPEN	1.00	UNITS	1100	1	2024-10-27
1386	GNRA	SV GENERATOR	1.00	UNITS	5000	1	2024-10-27
1389	FPL3	2 STORY CHIM	1.00	UNITS	3600	1	2024-10-27
139	VLT1	VAULT	48.00	S.F.	3500	1	2024-10-27
140	FPL2	1.5 STORY CHIM	2.00	UNITS	8100	1	2024-10-27
140	HRTH	HEARTH-INC FLU	1.00	UNITS	1600	1	2024-10-27
1406	FPLD	DELUX FIREPLAC	1.00	UNITS	9800	1	2024-10-27
1406	FPO	EXTRA FPL OPEN	1.00	UNITS	1100	1	2024-10-27
1412	GNRA	SV GENERATOR	1.00	UNITS	3100	1	2024-10-27
1412	HRTH	HEARTH-INC FLU	1.00	UNITS	1000	1	2024-10-27
142	FLU2	FLUE BRICK	1.00	UNITS	700	1	2024-10-27
143	HRTH	HEARTH-INC FLU	1.00	UNITS	1400	1	2024-10-27
144	HRTA	HEARTH-FLDPR	1.00	UNITS	700	1	2024-10-27
1449	FPL1	FIREPLACE 1 ST	1.00	UNITS	2900	1	2024-10-27
1451	HRTH	HEARTH-INC FLU	1.00	UNITS	1400	1	2024-10-27
1455	FPL2	1.5 STORY CHIM	1.00	UNITS	3400	1	2024-10-27
1456	FPLC	1 ST CAMP FPL	1.00	UNITS	1800	1	2024-10-27
1457	SAU	SAUNA	49.00	S.F.	600	1	2024-10-27
1462	FPL1	FIREPLACE 1 ST	1.00	UNITS	2700	1	2024-10-27
1462	FPO	EXTRA FPL OPEN	2.00	UNITS	1600	1	2024-10-27
1462	HRTH	HEARTH-INC FLU	1.00	UNITS	1200	1	2024-10-27
1468	HRTH	HEARTH-INC FLU	1.00	UNITS	1300	1	2024-10-27
1468	SNA	SAUNA	50.00	S.F.	4700	1	2024-10-27
1471	FLU2	FLUE BRICK	1.00	UNITS	500	1	2024-10-27
1477	FPL1	FIREPLACE 1 ST	1.00	UNITS	2900	1	2024-10-27
1484	FPL1	FIREPLACE 1 ST	1.00	UNITS	2900	1	2024-10-27
1485	FPL1	FIREPLACE 1 ST	1.00	UNITS	3000	1	2024-10-27
1485	HRTA	HEARTH-FLDPR	1.00	UNITS	700	1	2024-10-27
152	HRTH	HEARTH-INC FLU	1.00	UNITS	1300	1	2024-10-27
16	ELV2	4 STOP PASSNGR	1.00	UNITS	37100	1	2024-10-27
16	FPL	FIREPLCE/MET F	9.00	UNITS	7100	1	2024-10-27
16	FPL1	FIREPLACE 1 ST	1.00	UNITS	1800	1	2024-10-27
16	FPO	EXTRA FPL OPEN	1.00	UNITS	500	1	2024-10-27
16	GNRB	SV GENERATOR	0.00	UNITS	0	1	2024-10-27
16	SPR1	SPRINKLERS-WET	2541.00	S.F.	3400	1	2024-10-27
16	SPR2	WET/CONCEALED	12932.00	S.F.	20400	1	2024-10-27
161	GNRB	SV GENERATOR	1.00	UNITS	9500	1	2024-10-27
167	HRTH	HEARTH-INC FLU	1.00	UNITS	1300	1	2024-10-27
168	FPL1	FIREPLACE 1 ST	1.00	UNITS	2900	1	2024-10-27
170	FPL1	FIREPLACE 1 ST	1.00	UNITS	3600	1	2024-10-27
170	GNRB	SV GENERATOR	1.00	UNITS	10600	2	2024-10-27
170	VLT1	VAULT	572.00	S.F.	60400	2	2024-10-27
173	 	 	0.00		 	1	2024-10-27
173	FPL	FIREPLCE/MET F	1.00	UNITS	1600	1	2024-10-27
173	HRTH	HEARTH-INC FLU	1.00	UNITS	1600	1	2024-10-27
176	FPL1	FIREPLACE 1 ST	1.00	UNITS	2900	1	2024-10-27
179	HRTA	HEARTH-FLDPR	1.00	UNITS	800	1	2024-10-27
180	FPL3	2 STORY CHIM	1.00	UNITS	4100	1	2024-10-27
180	HRTA	HEARTH-FLDPR	1.00	UNITS	800	1	2024-10-27
182	ELEV	SV ELEVATOR	1.00	S.F.	18700	1	2024-10-27
182	GNRA	SV GENERATOR	1.00	UNITS	4700	1	2024-10-27
182	HRTH	HEARTH-INC FLU	1.00	UNITS	1500	1	2024-10-27
182	JAC	JETTUB	1.00	UNITS	0	1	2024-10-27
187	GNRA	SV GENERATOR	1.00	UNITS	4100	1	2024-10-27
188	HRTH	HEARTH-INC FLU	1.00	UNITS	1600	1	2024-10-27
195	FPL2	1.5 STORY CHIM	2.00	UNITS	8100	1	2024-10-27
20	FPL2	1.5 STORY CHIM	1.00	UNITS	4100	1	2024-10-27
201	HRTH	HEARTH-INC FLU	1.00	UNITS	1400	1	2024-10-27
202	FPL2	1.5 STORY CHIM	1.00	UNITS	4400	1	2024-10-27
202	GNRA	SV GENERATOR	1.00	UNITS	5300	1	2024-10-27
202	SHWR	EXT SHOWER	1.00	UNITS	400	1	2024-12-03
206	FPL	FIREPLCE/MET F	1.00	UNITS	1700	1	2024-10-27
206	GNRA	SV GENERATOR	1.00	UNITS	0	1	2024-10-27
209	HRTA	HEARTH-FLDPR	1.00	UNITS	700	1	2024-10-27
21	FPL2	1.5 STORY CHIM	2.00	UNITS	7700	1	2024-10-27
22	FPL1	FIREPLACE 1 ST	1.00	UNITS	3000	1	2024-10-27
220	GNRA	SV GENERATOR	1.00	UNITS	4000	1	2024-10-27
220	HRTH	HEARTH-INC FLU	1.00	UNITS	1300	1	2024-10-27
221	HRTH	HEARTH-INC FLU	1.00	UNITS	1400	1	2024-10-27
222	HRTH	HEARTH-INC FLU	1.00	UNITS	1500	1	2024-10-27
224	FPL2	1.5 STORY CHIM	1.00	UNITS	3800	1	2024-10-27
229	HRTH	HEARTH-INC FLU	2.00	UNITS	3200	1	2024-10-27
23	FPL2	1.5 STORY CHIM	1.00	UNITS	3200	1	2024-10-27
23	HRTH	HEARTH-INC FLU	1.00	UNITS	1300	1	2024-10-27
233	HRTH	HEARTH-INC FLU	1.00	UNITS	900	1	2024-10-27
235	HRTA	HEARTH-FLDPR	1.00	UNITS	800	1	2024-10-27
236	HRTH	HEARTH-INC FLU	1.00	UNITS	1300	1	2024-10-27
248	FPL1	FIREPLACE 1 ST	1.00	UNITS	2800	1	2024-10-27
249	HRTH	HEARTH-INC FLU	1.00	UNITS	1200	1	2024-10-27
251	FPL3	2 STORY CHIM	1.00	UNITS	3800	1	2024-10-27
251	GNRA	SV GENERATOR	1.00	UNITS	4200	1	2024-10-27
253	HRTA	HEARTH-FLDPR	2.00	UNITS	1400	1	2024-10-27
254	FPL2	1.5 STORY CHIM	1.00	UNITS	4100	1	2024-10-27
254	HRTH	HEARTH-INC FLU	2.00	UNITS	3200	1	2024-10-27
255	HRTH	HEARTH-INC FLU	1.00	UNITS	1400	1	2024-10-27
257	HRTH	HEARTH-INC FLU	1.00	UNITS	1000	1	2024-10-27
258	FPL2	1.5 STORY CHIM	2.00	UNITS	6800	1	2024-10-27
259	ELV1	2 STOP/PSNGR	2.00	UNITS	94600	1	2024-10-27
259	GNRB	SV GENERATOR	1.00	UNITS	9500	1	2024-10-27
259	MEZ1	MEZZANINE-UNF	683.00	S.F.	5300	1	2024-10-27
259	MEZ2	FINISHED	2060.00	S.F.	23900	1	2024-10-27
259	SPR1	SPRINKLERS-WET	13206.00	S.F.	34100	1	2024-10-27
26	GNRA	SV GENERATOR	1.00	UNITS	3600	1	2024-10-27
27	FPL1	FIREPLACE 1 ST	1.00	UNITS	3500	1	2024-10-27
271	FPL1	FIREPLACE 1 ST	1.00	UNITS	3200	1	2024-10-27
279	FPL1	FIREPLACE 1 ST	1.00	UNITS	2900	1	2024-10-27
279	FPO	EXTRA FPL OPEN	1.00	UNITS	900	1	2024-10-27
28	FPL1	FIREPLACE 1 ST	1.00	UNITS	3200	1	2024-10-27
287	FPL2	1.5 STORY CHIM	1.00	UNITS	3500	1	2024-10-27
287	FPO	EXTRA FPL OPEN	2.00	UNITS	1800	1	2024-10-27
287	HOTT	HOT TUB	1.00	UNITS	3000	1	2024-10-27
288	FPL1	FIREPLACE 1 ST	1.00	UNITS	2900	1	2024-10-27
288	HOTT	HOT TUB	1.00	UNITS	2800	1	2024-12-03
290	GNRA	SV GENERATOR	1.00	UNITS	5400	1	2024-10-27
294	FPL2	1.5 STORY CHIM	3.00	UNITS	10800	1	2024-10-27
294	HRTA	HEARTH-FLDPR	1.00	UNITS	600	1	2024-10-27
299	FPL2	1.5 STORY CHIM	1.00	UNITS	2900	1	2024-10-27
30	FPL	FIREPLCE/MET F	1.00	UNITS	1500	1	2024-10-27
300	HRTH	HEARTH-INC FLU	1.00	UNITS	1300	1	2024-10-27
301	FPL2	1.5 STORY CHIM	1.00	UNITS	3200	1	2024-10-27
301	HRTH	HEARTH-INC FLU	1.00	UNITS	1300	1	2024-10-27
306	HRTH	HEARTH-INC FLU	1.00	UNITS	1300	1	2024-10-27
307	FPL2	1.5 STORY CHIM	1.00	UNITS	4100	1	2024-10-27
307	GNRA	SV GENERATOR	1.00	UNITS	5000	1	2024-10-27
308	FPL3	2 STORY CHIM	1.00	UNITS	4000	1	2024-10-27
308	GNRA	SV GENERATOR	1.00	UNITS	4400	1	2024-10-27
309	FPL3	2 STORY CHIM	1.00	UNITS	3700	1	2024-10-27
310	FPL2	1.5 STORY CHIM	1.00	UNITS	4100	1	2024-10-27
310	FPO	EXTRA FPL OPEN	1.00	UNITS	1100	1	2024-10-27
313	FPL3	2 STORY CHIM	1.00	UNITS	4200	1	2024-10-27
313	FPO	EXTRA FPL OPEN	1.00	UNITS	1000	1	2024-10-27
315	KTH1	EXTRA KITCHEN	1.00	UNITS	2000	1	2024-12-03
315	SAU	SAUNA	64.00	S.F.	6600	1	2024-12-03
316	FPL2	1.5 STORY CHIM	1.00	UNITS	3500	1	2024-10-27
316	HRTH	HEARTH-INC FLU	1.00	UNITS	1400	1	2024-10-27
317	FPL2	1.5 STORY CHIM	1.00	UNITS	4100	1	2024-10-27
319	HRTH	HEARTH-INC FLU	1.00	UNITS	1500	1	2024-10-27
319	SNA	SAUNA	1.00	S.F.	100	1	2024-10-27
321	FPL1	FIREPLACE 1 ST	1.00	UNITS	2000	1	2024-10-27
323	GNR	SM SV GENERATOR	1.00	UNITS	2300	1	2024-10-27
324	HRTH	HEARTH-INC FLU	1.00	UNITS	1600	1	2024-10-27
330	HRTH	HEARTH-INC FLU	1.00	UNITS	1200	1	2024-10-27
334	FPL	FIREPLCE/MET F	1.00	UNITS	1400	1	2024-10-27
334	HRTA	HEARTH-FLDPR	1.00	UNITS	700	1	2024-10-27
334	HRTH	HEARTH-INC FLU	2.00	UNITS	2800	1	2024-10-27
336	HRTH	HEARTH-INC FLU	1.00	UNITS	1400	1	2024-10-27
337	FPL3	2 STORY CHIM	1.00	UNITS	4400	1	2024-10-27
34	HRTH	HEARTH-INC FLU	1.00	UNITS	1500	1	2024-10-27
34	SNA	SAUNA	37.00	S.F.	4100	1	2024-10-27
340	FPL3	2 STORY CHIM	1.00	UNITS	4000	1	2024-10-27
340	HRTH	HEARTH-INC FLU	1.00	UNITS	1400	1	2024-10-27
341	FPL1	FIREPLACE 1 ST	1.00	UNITS	3200	2	2024-10-27
343	FPL1	FIREPLACE 1 ST	1.00	UNITS	3000	1	2024-10-27
343	FPO	EXTRA FPL OPEN	1.00	UNITS	900	1	2024-10-27
345	FPL3	2 STORY CHIM	1.00	UNITS	4000	1	2024-10-27
345	GNRA	SV GENERATOR	1.00	UNITS	4400	1	2024-10-27
345	NFPO	NONFNCTG FPO	3.00	UNITS	1400	1	2024-10-27
346	GNRB	SV GENERATOR	1.00	UNITS	9500	1	2024-10-27
348	HRTH	HEARTH-INC FLU	1.00	UNITS	1500	1	2024-10-27
351	FPL1	FIREPLACE 1 ST	1.00	UNITS	3400	1	2024-10-27
351	FPL2	1.5 STORY CHIM	1.00	UNITS	3800	1	2024-10-27
351	NFPO	NONFNCTG FPO	1.00	UNITS	500	1	2024-10-27
359	GNRA	SV GENERATOR	1.00	UNITS	0	1	2024-10-27
361	FPL3	2 STORY CHIM	1.00	UNITS	3800	1	2024-10-27
365	FPL2	1.5 STORY CHIM	3.00	UNITS	10000	1	2024-10-27
365	FPO	EXTRA FPL OPEN	2.00	UNITS	1800	1	2024-10-27
365	HRTH	HEARTH-INC FLU	1.00	UNITS	1300	1	2024-10-27
368	FPL3	2 STORY CHIM	1.00	UNITS	4200	1	2024-10-27
369	FPL2	1.5 STORY CHIM	1.00	UNITS	3700	1	2024-10-27
371	FPL	FIREPLCE/MET F	1.00	UNITS	1500	1	2024-10-27
371	FPL3	2 STORY CHIM	1.00	UNITS	4400	1	2024-10-27
372	HRTH	HEARTH-INC FLU	1.00	UNITS	1500	1	2024-10-27
376	HRTH	HEARTH-INC FLU	3.00	UNITS	3700	1	2024-10-27
376	VLT1	VAULT	45.00	S.F.	3400	1	2024-10-27
377	FPLC	1 ST CAMP FPL	1.00	UNITS	1600	1	2024-10-27
380	FPL1	FIREPLACE 1 ST	1.00	UNITS	3200	1	2024-10-27
382	HRTH	HEARTH-INC FLU	1.00	UNITS	1400	1	2024-10-27
384	HRTH	HEARTH-INC FLU	1.00	UNITS	1100	1	2024-10-27
385	FPL1	FIREPLACE 1 ST	1.00	UNITS	3200	1	2024-10-27
385	HRTH	HEARTH-INC FLU	1.00	UNITS	1400	1	2024-10-27
391	NFPL	NONFCTG FP/MTL	1.00	UNITS	500	1	2024-10-27
392	HRTH	HEARTH-INC FLU	1.00	UNITS	1500	1	2024-10-27
392	JAC	JETTUB	1.00	UNITS	1400	1	2024-10-27
395	FPL	FIREPLCE/MET F	1.00	UNITS	1300	1	2024-10-27
395	GNRA	SV GENERATOR	1.00	UNITS	4200	1	2024-10-27
398	FPL	FIREPLCE/MET F	2.00	UNITS	3400	1	2024-10-27
398	GNRA	SV GENERATOR	1.00	UNITS	5300	1	2024-10-27
399	GNRA	SV GENERATOR	1.00	UNITS	5000	1	2024-10-27
402	FPL2	1.5 STORY CHIM	1.00	UNITS	4100	1	2024-10-27
402	FPL3	2 STORY CHIM	1.00	UNITS	4500	1	2024-10-27
402	FPO	EXTRA FPL OPEN	1.00	UNITS	1100	1	2024-10-27
402	HOTT	HOT TUB	1.00	UNITS	3500	1	2024-10-27
402	NFPO	NONFNCTG FPO	2.00	UNITS	1100	1	2024-10-27
408	HRTH	HEARTH-INC FLU	1.00	UNITS	1100	1	2024-10-27
408	SAU	SAUNA	48.00	S.F.	3900	1	2024-10-27
41	GNRA	SV GENERATOR	1.00	UNITS	5000	1	2024-10-27
41	HRTH	HEARTH-INC FLU	1.00	UNITS	1600	1	2024-10-27
415	FPL2	1.5 STORY CHIM	1.00	UNITS	3200	1	2024-10-27
415	NFP2	NONFCTG FPL2	2.00	UNITS	3500	1	2024-10-27
418	FPL2	1.5 STORY CHIM	1.00	UNITS	3600	1	2024-10-27
42	FPL2	1.5 STORY CHIM	1.00	UNITS	3200	1	2024-10-27
427	FPL	FIREPLCE/MET F	1.00	UNITS	1200	1	2024-10-27
429	FPL3	2 STORY CHIM	1.00	UNITS	3800	1	2024-10-27
429	GNRA	SV GENERATOR	1.00	UNITS	4200	1	2024-10-27
435	FLU2	FLUE BRICK	1.00	UNITS	700	1	2024-10-27
437	FPL1	FIREPLACE 1 ST	1.00	UNITS	2800	1	2024-10-27
437	NFPO	NONFNCTG FPO	1.00	UNITS	400	1	2024-10-27
438	FPL3	2 STORY CHIM	1.00	UNITS	3300	1	2024-10-27
438	FPO	EXTRA FPL OPEN	1.00	UNITS	800	1	2024-10-27
441	GNRA	SV GENERATOR	1.00	UNITS	4700	1	2024-10-27
441	HRTH	HEARTH-INC FLU	2.00	UNITS	3100	1	2024-10-27
441	SHWR	EXT SHOWER	1.00	UNITS	300	1	2024-10-27
442	FPL	FIREPLCE/MET F	1.00	UNITS	1500	1	2024-10-27
446	FPL2	1.5 STORY CHIM	1.00	UNITS	3200	1	2024-10-27
446	FPL3	2 STORY CHIM	1.00	UNITS	3600	1	2024-10-27
446	FPO	EXTRA FPL OPEN	1.00	UNITS	900	1	2024-10-27
447	FPL1	FIREPLACE 1 ST	1.00	UNITS	2600	1	2024-10-27
448	FPL3	2 STORY CHIM	1.00	UNITS	4500	1	2024-10-27
448	FPO	EXTRA FPL OPEN	1.00	UNITS	1100	1	2024-10-27
450	FPL1	FIREPLACE 1 ST	1.00	UNITS	3000	1	2024-10-27
450	FPL2	1.5 STORY CHIM	3.00	UNITS	10100	1	2024-10-27
450	HOTT	HOT TUB	1.00	UNITS	2900	1	2024-10-27
454	FPL3	2 STORY CHIM	1.00	UNITS	3500	1	2024-10-27
454	HRTA	HEARTH-FLDPR	2.00	UNITS	1300	1	2024-10-27
457	FPL3	2 STORY CHIM	2.00	UNITS	8500	1	2024-10-27
457	HRTH	HEARTH-INC FLU	2.00	UNITS	3100	1	2024-10-27
457	NFP3	NONFCTG FPL3	2.00	UNITS	4700	1	2024-10-27
457	NFPO	NONFNCTG FPO	4.00	UNITS	2000	1	2024-10-27
458	HRTH	HEARTH-INC FLU	1.00	UNITS	1600	1	2024-10-27
460	FPL3	2 STORY CHIM	1.00	UNITS	4200	1	2024-10-27
460	JAC	JETTUB	1.00	UNITS	1400	1	2024-10-27
461	FPL	FIREPLCE/MET F	1.00	UNITS	1700	1	2024-10-27
461	GNRA	SV GENERATOR	1.00	UNITS	5400	1	2024-10-27
462	FLU2	FLUE BRICK	1.00	UNITS	600	1	2024-10-27
462	FPL3	2 STORY CHIM	1.00	UNITS	3800	1	2024-10-27
469	FPL3	2 STORY CHIM	1.00	UNITS	4500	1	2024-10-27
472	FPL3	2 STORY CHIM	2.00	UNITS	7900	1	2024-10-27
472	FPO	EXTRA FPL OPEN	2.00	UNITS	1900	1	2024-10-27
472	HRTH	HEARTH-INC FLU	1.00	UNITS	1400	1	2024-10-27
473	FPL3	2 STORY CHIM	1.00	UNITS	4100	1	2024-10-27
474	HRTH	HEARTH-INC FLU	1.00	UNITS	1600	1	2024-10-27
475	FPL2	1.5 STORY CHIM	1.00	UNITS	2900	1	2024-10-27
475	HRTH	HEARTH-INC FLU	1.00	UNITS	1200	1	2024-10-27
476	FPL	FIREPLCE/MET F	1.00	UNITS	1800	2	2024-10-27
476	FPL2	1.5 STORY CHIM	1.00	UNITS	1600	1	2024-10-27
476	FPO	EXTRA FPL OPEN	1.00	UNITS	400	1	2024-10-27
476	GNRA	SV GENERATOR	1.00	UNITS	1900	1	2024-10-27
479	FPL2	1.5 STORY CHIM	2.00	UNITS	8100	1	2024-10-27
479	FPO	EXTRA FPL OPEN	1.00	UNITS	1100	1	2024-10-27
480	HRTH	HEARTH-INC FLU	2.00	UNITS	2400	1	2024-10-27
480	JAC	JETTUB	1.00	UNITS	1100	1	2024-10-27
482	FPL2	1.5 STORY CHIM	1.00	UNITS	3600	1	2024-10-27
484	FPL2	1.5 STORY CHIM	2.00	UNITS	7700	1	2024-10-27
484	HRTH	HEARTH-INC FLU	1.00	UNITS	1500	1	2024-10-27
487	FPL2	1.5 STORY CHIM	1.00	UNITS	2600	1	2024-10-27
487	NFP1	NONFCTG FPL1	1.00	UNITS	1100	1	2024-10-27
488	FPL3	2 STORY CHIM	2.00	UNITS	8000	1	2024-10-27
488	HRTA	HEARTH-FLDPR	1.00	UNITS	800	1	2024-10-27
488	NFPO	NONFNCTG FPO	2.00	UNITS	1000	1	2024-10-27
490	FLU1	FLUE CONCRETE	1.00	UNITS	500	1	2024-10-27
492	HRTH	HEARTH-INC FLU	1.00	UNITS	1300	1	2024-10-27
493	FPL2	1.5 STORY CHIM	1.00	UNITS	3600	1	2024-10-27
493	FPL3	2 STORY CHIM	1.00	UNITS	4000	1	2024-10-27
494	FPL3	2 STORY CHIM	1.00	UNITS	4900	1	2024-10-27
494	GNRA	SV GENERATOR	1.00	UNITS	5300	1	2024-10-27
495	FPL3	2 STORY CHIM	1.00	UNITS	4000	1	2024-10-27
495	HRTH	HEARTH-INC FLU	1.00	UNITS	1400	1	2024-10-27
505	FPL2	1.5 STORY CHIM	2.00	UNITS	7700	1	2024-10-27
505	FPO	EXTRA FPL OPEN	1.00	UNITS	1000	1	2024-10-27
506	HRTH	HEARTH-INC FLU	1.00	UNITS	1400	1	2024-10-27
507	GNRA	SV GENERATOR	1.00	UNITS	2200	1	2024-10-27
509	FPL2	1.5 STORY CHIM	1.00	UNITS	4100	1	2024-10-27
510	FPL2	1.5 STORY CHIM	1.00	UNITS	3400	1	2024-10-27
510	FPO	EXTRA FPL OPEN	1.00	UNITS	900	1	2024-10-27
510	GNRA	SV GENERATOR	1.00	UNITS	4100	1	2024-10-27
513	HRTH	HEARTH-INC FLU	2.00	UNITS	2400	1	2024-10-27
514	HRTH	HEARTH-INC FLU	2.00	UNITS	2700	1	2024-10-27
515	HRTH	HEARTH-INC FLU	1.00	UNITS	1300	1	2024-10-27
517	HRTH	HEARTH-INC FLU	2.00	UNITS	2700	1	2024-10-27
517	NFP3	NONFCTG FPL3	1.00	UNITS	2100	1	2024-10-27
517	NFPO	NONFNCTG FPO	2.00	UNITS	900	1	2024-10-27
518	HRTH	HEARTH-INC FLU	2.00	UNITS	3100	1	2024-10-27
519	FLU1	FLUE CONCRETE	1.00	UNITS	400	1	2024-10-27
519	HRTA	HEARTH-FLDPR	1.00	UNITS	600	1	2024-10-27
522	HRTH	HEARTH-INC FLU	1.00	UNITS	1200	1	2024-10-27
527	HRTH	HEARTH-INC FLU	1.00	UNITS	1500	1	2024-10-27
530	FPL3	2 STORY CHIM	1.00	UNITS	4500	1	2024-10-27
532	HRTH	HEARTH-INC FLU	1.00	UNITS	700	1	2024-10-27
533	FPL1	FIREPLACE 1 ST	1.00	UNITS	3400	1	2024-10-27
533	GNRA	SV GENERATOR	1.00	UNITS	4700	1	2024-10-27
533	JAC	JETTUB	1.00	UNITS	1400	1	2024-10-27
537	FPL1	FIREPLACE 1 ST	1.00	UNITS	3600	1	2024-10-27
537	FPL2	1.5 STORY CHIM	1.00	UNITS	4100	1	2024-10-27
537	GNRA	SV GENERATOR	1.00	UNITS	5000	1	2024-10-27
537	JAC	JETTUB	1.00	UNITS	1500	1	2024-10-27
538	FPL1	FIREPLACE 1 ST	1.00	UNITS	3600	1	2024-10-27
538	FPL2	1.5 STORY CHIM	1.00	UNITS	4100	1	2024-10-27
538	FPO	EXTRA FPL OPEN	1.00	UNITS	1100	1	2024-10-27
538	GNRA	SV GENERATOR	1.00	UNITS	5000	1	2024-10-27
538	HRTH	HEARTH-INC FLU	1.00	UNITS	1600	1	2024-10-27
540	FPL2	1.5 STORY CHIM	1.00	UNITS	3300	1	2024-10-27
540	HRTH	HEARTH-INC FLU	1.00	UNITS	1300	1	2024-10-27
546	HRTB	HEARTH - FP	1.00	UNITS	800	1	2024-10-27
558	JAC	JETTUB	1.00	UNITS	1300	1	2024-10-27
559	FPL3	2 STORY CHIM	1.00	UNITS	3800	1	2024-10-27
559	FPO	EXTRA FPL OPEN	1.00	UNITS	900	1	2024-10-27
563	FPL1	FIREPLACE 1 ST	1.00	UNITS	3200	1	2024-10-27
563	FPL2	1.5 STORY CHIM	1.00	UNITS	3600	1	2024-10-27
563	FPO	EXTRA FPL OPEN	2.00	UNITS	1900	1	2024-10-27
564	FPL	FIREPLCE/MET F	1.00	UNITS	1600	1	2024-10-27
565	FPL2	1.5 STORY CHIM	1.00	UNITS	3300	1	2024-10-27
565	HRTH	HEARTH-INC FLU	1.00	UNITS	1300	1	2024-10-27
565	SHR1	SHOWER STALL	1.00	UNITS	700	1	2024-10-27
569	GNRB	SV GENERATOR	1.00	UNITS	7000	1	2024-10-27
569	JAC	JETTUB	6.00	UNITS	6300	1	2024-10-27
569	SPR1	SPRINKLERS-WET	13860.00	S.F.	26600	1	2024-10-27
57	FPL3	2 STORY CHIM	1.00	UNITS	4500	1	2024-10-27
570	FPL3	2 STORY CHIM	1.00	UNITS	1500	1	2024-10-27
571	HRTH	HEARTH-INC FLU	1.00	UNITS	1400	1	2024-10-27
572	FPL1	FIREPLACE 1 ST	1.00	UNITS	3200	1	2024-10-27
575	FPL	FIREPLCE/MET F	1.00	UNITS	1400	1	2024-10-27
575	FPL2	1.5 STORY CHIM	1.00	UNITS	3600	1	2024-10-27
575	GNRA	SV GENERATOR	1.00	UNITS	4400	1	2024-10-27
576	FPL1	FIREPLACE 1 ST	1.00	UNITS	3200	3	2024-10-27
576	FPL2	1.5 STORY CHIM	1.00	UNITS	4100	1	2024-10-27
576	FPLD	DELUX FIREPLAC	1.00	UNITS	9900	1	2024-10-27
576	FPO	EXTRA FPL OPEN	1.00	UNITS	1100	2	2024-10-27
576	HRTH	HEARTH-INC FLU	1.00	UNITS	1600	1	2024-10-27
578	FPL2	1.5 STORY CHIM	2.00	UNITS	7700	1	2024-10-27
578	FPO	EXTRA FPL OPEN	1.00	UNITS	1000	1	2024-10-27
579	FPL1	FIREPLACE 1 ST	1.00	UNITS	3400	1	2024-10-27
579	FPL3	2 STORY CHIM	2.00	UNITS	8500	1	2024-10-27
579	FPO	EXTRA FPL OPEN	5.00	UNITS	5100	1	2024-10-27
58	FPL1	FIREPLACE 1 ST	1.00	UNITS	2900	1	2024-10-27
58	GNRA	SV GENERATOR	0.00	UNITS	0	1	2024-10-27
58	LIFT	LIFT	1.00	UNITS	2000	1	2024-10-27
584	FPL2	1.5 STORY CHIM	1.00	UNITS	3200	1	2024-10-27
584	FPL3	2 STORY CHIM	1.00	UNITS	3600	1	2024-10-27
584	FPO	EXTRA FPL OPEN	1.00	UNITS	900	1	2024-10-27
593	GNRA	SV GENERATOR	1.00	UNITS	3700	1	2024-10-27
593	HRTH	HEARTH-INC FLU	1.00	UNITS	1200	1	2024-10-27
594	FPL1	FIREPLACE 1 ST	1.00	UNITS	3400	1	2024-10-27
594	GNRA	SV GENERATOR	1.00	UNITS	4700	1	2024-10-27
594	HRTH	HEARTH-INC FLU	1.00	UNITS	1500	1	2024-10-27
597	FPL	FIREPLCE/MET F	1.00	UNITS	1600	1	2024-10-27
60	FPL	FIREPLCE/MET F	1.00	UNITS	1500	1	2024-10-27
60	FPL2	1.5 STORY CHIM	2.00	UNITS	7700	1	2024-10-27
605	HRTH	HEARTH-INC FLU	1.00	UNITS	1500	1	2024-10-27
607	FPL1	FIREPLACE 1 ST	1.00	UNITS	2600	1	2024-10-27
611	FPL	FIREPLCE/MET F	1.00	UNITS	1700	1	2024-10-27
611	FPL3	2 STORY CHIM	1.00	UNITS	4800	1	2024-10-27
611	GNRA	SV GENERATOR	1.00	UNITS	5300	1	2024-10-27
616	FPL1	FIREPLACE 1 ST	1.00	UNITS	3000	1	2024-10-27
616	GNRA	SV GENERATOR	1.00	UNITS	0	1	2024-10-27
62	FPL	FIREPLCE/MET F	1.00	UNITS	1500	1	2024-10-27
62	NFP3	NONFCTG FPL3	1.00	UNITS	2300	1	2024-10-27
621	FPL1	FIREPLACE 1 ST	1.00	UNITS	2900	1	2024-10-27
625	FPL2	1.5 STORY CHIM	1.00	UNITS	4100	1	2024-10-27
626	FPL3	2 STORY CHIM	1.00	UNITS	4000	1	2024-10-27
638	FPL1	FIREPLACE 1 ST	1.00	UNITS	2800	2	2024-10-27
638	HRTH	HEARTH-INC FLU	1.00	UNITS	1300	2	2024-10-27
639	FPL	FIREPLCE/MET F	2.00	UNITS	3200	1	2024-10-27
639	FPL3	2 STORY CHIM	1.00	UNITS	4600	1	2024-10-27
639	GNRA	SV GENERATOR	1.00	UNITS	5000	1	2024-10-27
639	HOTT	HOT TUB	1.00	UNITS	3500	1	2024-10-27
639	SHWR	EXT SHOWER	1.00	UNITS	400	1	2024-10-27
645	FPL2	1.5 STORY CHIM	1.00	UNITS	3600	1	2024-10-27
645	HRTH	HEARTH-INC FLU	2.00	UNITS	2900	1	2024-10-27
647	FPLC	1 ST CAMP FPL	1.00	UNITS	1400	1	2024-10-27
648	FPL	FIREPLCE/MET F	2.00	UNITS	3200	1	2024-10-27
649	FPL	FIREPLCE/MET F	2.00	UNITS	2700	1	2024-10-27
649	JAC	JETTUB	1.00	UNITS	1300	1	2024-10-27
65	FPL3	2 STORY CHIM	1.00	UNITS	4100	1	2024-10-27
65	FPLD	DELUX FIREPLAC	1.00	UNITS	9000	1	2024-10-27
651	HRTH	HEARTH-INC FLU	1.00	UNITS	1400	1	2024-10-27
652	FPLC	1 ST CAMP FPL	1.00	UNITS	1800	1	2024-10-27
655	HRTH	HEARTH-INC FLU	1.00	UNITS	1600	1	2024-10-27
655	SNA	SAUNA	24.00	S.F.	2700	1	2024-10-27
664	FPLC	1 ST CAMP FPL	1.00	UNITS	2300	1	2024-10-27
667	FPLC	1 ST CAMP FPL	1.00	UNITS	1800	1	2024-10-27
673	FPLC	1 ST CAMP FPL	1.00	UNITS	2000	1	2024-10-27
68	HRTH	HEARTH-INC FLU	1.00	UNITS	1100	1	2024-10-27
689	GNRA	SV GENERATOR	1.00	UNITS	3600	1	2024-10-27
689	HRTH	HEARTH-INC FLU	3.00	UNITS	3500	1	2024-10-27
690	FPL3	2 STORY CHIM	1.00	UNITS	4600	1	2024-10-27
690	HOTT	HOT TUB	1.00	UNITS	3500	1	2024-10-27
691	FPL2	1.5 STORY CHIM	1.00	UNITS	3800	1	2024-10-27
692	FPL2	1.5 STORY CHIM	1.00	UNITS	4100	1	2024-10-27
692	HRTA	HEARTH-FLDPR	1.00	UNITS	900	1	2024-10-27
694	FPL1	FIREPLACE 1 ST	1.00	UNITS	2900	1	2024-10-27
694	FPO	EXTRA FPL OPEN	1.00	UNITS	900	1	2024-10-27
696	FLU2	FLUE BRICK	1.00	UNITS	700	1	2024-10-27
697	FLU2	FLUE BRICK	1.00	UNITS	600	1	2024-10-27
697	FPL2	1.5 STORY CHIM	1.00	UNITS	3500	1	2024-10-27
698	HRTH	HEARTH-INC FLU	2.00	UNITS	3200	1	2024-10-27
701	HRTH	HEARTH-INC FLU	1.00	UNITS	1200	1	2024-10-27
702	HRTH	HEARTH-INC FLU	1.00	UNITS	1300	1	2024-10-27
703	FLU1	FLUE CONCRETE	1.00	UNITS	300	1	2024-10-27
706	HRTH	HEARTH-INC FLU	1.00	UNITS	1400	1	2024-10-27
707	HRTH	HEARTH-INC FLU	1.00	UNITS	1300	1	2024-10-27
708	HRTH	HEARTH-INC FLU	1.00	UNITS	1300	1	2024-10-27
719	FPL2	1.5 STORY CHIM	1.00	UNITS	3600	1	2024-10-27
719	FPO	EXTRA FPL OPEN	2.00	UNITS	1900	1	2024-10-27
719	HRTA	HEARTH-FLDPR	1.00	UNITS	800	1	2024-10-27
723	FPL1	FIREPLACE 1 ST	1.00	UNITS	2900	1	2024-10-27
725	FPL2	1.5 STORY CHIM	1.00	UNITS	3800	1	2024-10-27
725	FPO	EXTRA FPL OPEN	2.00	UNITS	2000	1	2024-10-27
734	FPL2	1.5 STORY CHIM	1.00	UNITS	3700	1	2024-10-27
736	FPL3	2 STORY CHIM	2.00	UNITS	8700	1	2024-10-27
737	FPL	FIREPLCE/MET F	1.00	UNITS	1500	1	2024-10-27
737	FPL1	FIREPLACE 1 ST	1.00	UNITS	3400	1	2024-10-27
737	FPL3	2 STORY CHIM	1.00	UNITS	4300	1	2024-10-27
737	GENR	SV GENERATOR >20KW	1.00	UNITS	14000	1	2024-10-27
738	FPL	FIREPLCE/MET F	1.00	UNITS	1400	1	2024-10-27
739	FPL	FIREPLCE/MET F	1.00	UNITS	1500	1	2024-10-27
740	FLU1	FLUE CONCRETE	1.00	UNITS	500	2	2024-10-27
740	FPLD	DELUX FIREPLAC	1.00	UNITS	8900	1	2024-10-27
740	HRTH	HEARTH-INC FLU	1.00	UNITS	1500	1	2024-10-27
741	FPL2	1.5 STORY CHIM	1.00	UNITS	3000	1	2024-10-27
742	FPL2	1.5 STORY CHIM	1.00	UNITS	3600	1	2024-10-27
743	FPL2	1.5 STORY CHIM	1.00	UNITS	3300	1	2024-10-27
743	HRTH	HEARTH-INC FLU	1.00	UNITS	1300	1	2024-10-27
744	FPL2	1.5 STORY CHIM	1.00	UNITS	2700	1	2024-10-27
744	FPO	EXTRA FPL OPEN	1.00	UNITS	700	1	2024-10-27
744	GNRA	SV GENERATOR	1.00	UNITS	3300	1	2024-10-27
746	FPL1	FIREPLACE 1 ST	1.00	UNITS	3100	1	2024-10-27
746	FPLD	DELUX FIREPLAC	1.00	UNITS	8500	1	2024-10-27
748	FPL1	FIREPLACE 1 ST	1.00	UNITS	3200	1	2024-10-27
748	GNRA	SV GENERATOR	1.00	UNITS	4300	1	2024-10-27
748	HRTH	HEARTH-INC FLU	1.00	UNITS	1400	1	2024-10-27
749	FPL2	1.5 STORY CHIM	1.00	UNITS	3600	1	2024-10-27
749	GNRA	SV GENERATOR	1.00	UNITS	4500	1	2024-10-27
750	FPL3	2 STORY CHIM	2.00	UNITS	7700	1	2024-10-27
750	FPO	EXTRA FPL OPEN	1.00	UNITS	900	1	2024-10-27
750	SAU	SAUNA	64.00	S.F.	6400	1	2024-10-27
751	FPL2	1.5 STORY CHIM	1.00	UNITS	3500	1	2024-10-27
751	SHR1	SHOWER STALL	1.00	UNITS	800	1	2024-10-27
752	FPL2	1.5 STORY CHIM	1.00	UNITS	3800	1	2024-10-27
753	FPL2	1.5 STORY CHIM	1.00	UNITS	3600	1	2024-10-27
753	FPO	EXTRA FPL OPEN	1.00	UNITS	900	1	2024-10-27
753	GNRA	SV GENERATOR	1.00	UNITS	4300	1	2024-10-27
754	FPL1	FIREPLACE 1 ST	1.00	UNITS	3400	1	2024-10-27
754	FPL2	1.5 STORY CHIM	1.00	UNITS	3800	1	2024-10-27
754	FPO	EXTRA FPL OPEN	1.00	UNITS	1000	1	2024-10-27
754	GNRA	SV GENERATOR	1.00	UNITS	4600	1	2024-10-27
754	SNA	SAUNA	36.00	S.F.	3900	1	2024-10-27
755	HRTH	HEARTH-INC FLU	1.00	UNITS	1400	1	2024-10-27
756	FPL2	1.5 STORY CHIM	1.00	UNITS	3900	1	2024-10-27
756	GNRA	SV GENERATOR	1.00	UNITS	4800	1	2024-10-27
759	FPL1	FIREPLACE 1 ST	1.00	UNITS	2700	1	2024-10-27
759	GNR	SM SV GENERATOR	1.00	UNITS	1800	1	2024-10-27
76	FPL2	1.5 STORY CHIM	1.00	UNITS	4100	1	2024-10-27
76	HRTH	HEARTH-INC FLU	1.00	UNITS	1600	1	2024-10-27
765	FPL2	1.5 STORY CHIM	1.00	UNITS	3800	1	2024-10-27
765	HRTH	HEARTH-INC FLU	1.00	UNITS	1500	1	2024-10-27
768	GNRB	SV GENERATOR	1.00	UNITS	7900	1	2024-10-27
768	HRTH	HEARTH-INC FLU	1.00	UNITS	1300	1	2024-10-27
768	VLT1	VAULT	143.00	S.F.	11300	1	2024-10-27
77	FPL2	1.5 STORY CHIM	1.00	UNITS	3800	1	2024-10-27
771	GNRA	SV GENERATOR	1.00	UNITS	4800	1	2024-10-27
772	FPL2	1.5 STORY CHIM	2.00	UNITS	7200	1	2024-10-27
775	HRTH	HEARTH-INC FLU	1.00	UNITS	1300	1	2024-10-27
78	HRTH	HEARTH-INC FLU	1.00	UNITS	1300	1	2024-10-27
782	FPL3	2 STORY CHIM	1.00	UNITS	4200	2	2024-10-27
782	FPO	EXTRA FPL OPEN	1.00	UNITS	1000	2	2024-10-27
782	POOL	POOL	1.00	UNITS	19100	2	2024-10-27
783	HRTH	HEARTH-INC FLU	1.00	UNITS	1300	1	2024-10-27
785	FPL1	FIREPLACE 1 ST	1.00	UNITS	3200	1	2024-10-27
785	GNRA	SV GENERATOR	1.00	UNITS	4400	1	2024-10-27
785	HRTH	HEARTH-INC FLU	1.00	UNITS	1600	2	2024-10-27
785	JAC	JETTUB	1.00	UNITS	1300	1	2024-10-27
786	FPL3	2 STORY CHIM	1.00	UNITS	4000	1	2024-10-27
786	HRTH	HEARTH-INC FLU	1.00	UNITS	1400	1	2024-10-27
787	FPL1	FIREPLACE 1 ST	1.00	UNITS	3400	2	2024-10-27
787	HRTH	HEARTH-INC FLU	1.00	UNITS	1400	1	2024-10-27
788	FPL2	1.5 STORY CHIM	1.00	UNITS	3200	1	2024-10-27
789	FPL	FIREPLCE/MET F	1.00	UNITS	1200	1	2024-10-27
789	HRTH	HEARTH-INC FLU	1.00	UNITS	1200	1	2024-10-27
792	FLU2	FLUE BRICK	1.00	UNITS	700	1	2024-10-27
792	FPL2	1.5 STORY CHIM	1.00	UNITS	3800	1	2024-10-27
792	GNRA	SV GENERATOR	1.00	UNITS	4700	1	2024-10-27
795	HRTH	HEARTH-INC FLU	1.00	UNITS	1400	1	2024-10-27
797	FPL2	1.5 STORY CHIM	1.00	UNITS	4000	1	2024-10-27
797	HRTH	HEARTH-INC FLU	1.00	UNITS	1600	1	2024-10-27
797	NFP2	NONFCTG FPL2	2.00	UNITS	4300	1	2024-10-27
799	FPL2	1.5 STORY CHIM	2.00	UNITS	8100	1	2024-10-27
80	FPL3	2 STORY CHIM	1.00	UNITS	4300	1	2024-10-27
800	FPL	FIREPLCE/MET F	3.00	UNITS	4700	1	2024-10-27
801	FPL2	1.5 STORY CHIM	1.00	UNITS	3600	1	2024-10-27
801	HRTH	HEARTH-INC FLU	1.00	UNITS	1400	1	2024-10-27
804	FPL3	2 STORY CHIM	1.00	UNITS	3600	1	2024-10-27
804	GNRA	SV GENERATOR	1.00	UNITS	4000	1	2024-10-27
804	NFPO	NONFNCTG FPO	2.00	UNITS	900	1	2024-10-27
806	FPL3	2 STORY CHIM	1.00	UNITS	4500	1	2024-10-27
806	HRTH	HEARTH-INC FLU	1.00	UNITS	1600	1	2024-10-27
808	FPL2	1.5 STORY CHIM	1.00	UNITS	3400	1	2024-10-27
809	FPL2	1.5 STORY CHIM	1.00	UNITS	3200	1	2024-10-27
809	GNRA	SV GENERATOR	1.00	UNITS	4000	1	2024-10-27
81	FPL3	2 STORY CHIM	1.00	UNITS	1000	1	2024-10-27
81	FPO	EXTRA FPL OPEN	1.00	UNITS	200	1	2024-10-27
810	FPL3	2 STORY CHIM	1.00	UNITS	4500	1	2024-10-27
810	FPO	EXTRA FPL OPEN	1.00	UNITS	1100	1	2024-10-27
810	GNRA	SV GENERATOR	1.00	UNITS	5000	1	2024-10-27
812	FPL3	2 STORY CHIM	1.00	UNITS	3500	1	2024-10-27
812	GNRA	SV GENERATOR	1.00	UNITS	3800	1	2024-10-27
812	HRTH	HEARTH-INC FLU	1.00	UNITS	1200	1	2024-10-27
814	HRTH	HEARTH-INC FLU	1.00	UNITS	1700	1	2024-10-27
815	GNRA	SV GENERATOR	1.00	UNITS	3300	2	2024-10-27
815	HRTH	HEARTH-INC FLU	1.00	UNITS	1200	1	2024-10-27
816	GNRA	SV GENERATOR	1.00	UNITS	3700	1	2024-10-27
816	HRTH	HEARTH-INC FLU	1.00	UNITS	1500	2	2024-10-27
816	HRTH	HEARTH-INC FLU	2.00	UNITS	2400	1	2024-10-27
820	FPL1	FIREPLACE 1 ST	1.00	UNITS	3600	1	2024-10-27
820	FPL2	1.5 STORY CHIM	1.00	UNITS	4000	1	2024-10-27
820	FPO	EXTRA FPL OPEN	1.00	UNITS	1100	1	2024-10-27
820	GNRA	SV GENERATOR	1.00	UNITS	4900	1	2024-10-27
826	FPL3	2 STORY CHIM	1.00	UNITS	3600	1	2024-10-27
826	GNRA	SV GENERATOR	1.00	UNITS	4000	1	2024-10-27
826	SPR2	WET/CONCEALED	1843.00	S.F.	4600	1	2024-10-27
827	FPL2	1.5 STORY CHIM	2.00	UNITS	7700	1	2024-10-27
827	FPO	EXTRA FPL OPEN	1.00	UNITS	1000	1	2024-10-27
827	GNRA	SV GENERATOR	1.00	UNITS	4700	1	2024-10-27
827	HRTH	HEARTH-INC FLU	1.00	UNITS	1500	1	2024-10-27
827	SHR1	SHOWER STALL	1.00	UNITS	900	1	2024-10-27
829	FPL1	FIREPLACE 1 ST	1.00	UNITS	2600	1	2024-10-27
829	GNRA	SV GENERATOR	1.00	UNITS	0	1	2024-10-27
83	HRTH	HEARTH-INC FLU	1.00	UNITS	1500	1	2024-10-27
831	FPL1	FIREPLACE 1 ST	2.00	UNITS	6300	1	2024-10-27
831	FPL3	2 STORY CHIM	1.00	UNITS	4000	1	2024-10-27
831	FPLC	1 ST CAMP FPL	1.00	UNITS	2000	2	2024-10-27
831	FPLC	1 ST CAMP FPL	2.00	UNITS	4000	3	2024-10-27
831	FPO	EXTRA FPL OPEN	1.00	UNITS	900	1	2024-10-27
831	GNRA	SV GENERATOR	1.00	UNITS	4300	1	2024-10-27
831	SHR1	SHOWER STALL	1.00	UNITS	700	2	2024-10-27
833	FPL	FIREPLCE/MET F	1.00	UNITS	800	2	2024-10-27
833	FPL3	2 STORY CHIM	1.00	UNITS	3600	1	2024-10-27
833	HOTT	HOT TUB	1.00	UNITS	2800	1	2024-10-27
834	HRTH	HEARTH-INC FLU	1.00	UNITS	1400	1	2024-10-27
837	FPL3	2 STORY CHIM	2.00	UNITS	7500	1	2024-10-27
837	FPLC	1 ST CAMP FPL	1.00	UNITS	300	2	2024-10-27
837	NFPO	NONFNCTG FPO	1.00	UNITS	500	1	2024-10-27
839	HRTH	HEARTH-INC FLU	2.00	UNITS	2900	1	2024-10-27
84	GNRB	SV GENERATOR	1.00	UNITS	7900	1	2024-10-27
842	FLU1	FLUE CONCRETE	1.00	UNITS	400	1	2024-10-27
842	FPL1	FIREPLACE 1 ST	1.00	UNITS	2800	1	2024-10-27
842	HRTH	HEARTH-INC FLU	1.00	UNITS	1300	1	2024-10-27
845	HRTH	HEARTH-INC FLU	1.00	UNITS	1400	1	2024-10-27
850	FPLC	1 ST CAMP FPL	1.00	UNITS	1800	1	2024-10-27
852	FPLC	1 ST CAMP FPL	1.00	UNITS	2000	1	2024-10-27
852	GNRA	SV GENERATOR	1.00	UNITS	3900	1	2024-10-27
853	GNRA	SV GENERATOR	1.00	UNITS	4500	1	2024-10-27
853	HRTH	HEARTH-INC FLU	1.00	UNITS	1500	1	2024-10-27
855	FLU1	FLUE CONCRETE	1.00	UNITS	500	1	2024-10-27
86	FPL3	2 STORY CHIM	3.00	UNITS	10800	1	2024-10-27
86	GNRA	SV GENERATOR	1.00	UNITS	4000	1	2024-10-27
86	NFPO	NONFNCTG FPO	4.00	UNITS	1700	1	2024-10-27
861	HOTT	HOT TUB	1.00	UNITS	2900	1	2024-10-27
861	HRTH	HEARTH-INC FLU	1.00	UNITS	1400	1	2024-10-27
862	SPR2	WET/CONCEALED	7281.00	S.F.	17300	1	2024-10-27
862	WHL	WHIRLPOOL	64.00	SF	1500	1	2024-10-27
862	WHL	WHIRLPOOL	80.00	SF	1900	1	2024-10-27
865	FPLD	DELUX FIREPLAC	1.00	UNITS	8300	1	2024-10-27
865	FPO	EXTRA FPL OPEN	2.00	UNITS	1800	1	2024-10-27
867	FPL1	FIREPLACE 1 ST	1.00	UNITS	3600	1	2024-10-27
868	HRTH	HEARTH-INC FLU	1.00	UNITS	1400	1	2024-10-27
87	HRTH	HEARTH-INC FLU	3.00	UNITS	4500	1	2024-10-27
871	FPL1	FIREPLACE 1 ST	2.00	UNITS	6000	1	2024-10-27
871	FPO	EXTRA FPL OPEN	1.00	UNITS	900	1	2024-10-27
871	JAC	JETTUB	1.00	UNITS	1200	1	2024-10-27
872	FPL2	1.5 STORY CHIM	1.00	UNITS	3200	1	2024-10-27
872	FPO	EXTRA FPL OPEN	1.00	UNITS	900	1	2024-10-27
872	HRTA	HEARTH-FLDPR	1.00	UNITS	700	1	2024-10-27
873	FPL2	1.5 STORY CHIM	2.00	UNITS	7700	1	2024-10-27
873	FPO	EXTRA FPL OPEN	1.00	UNITS	1000	1	2024-10-27
873	SHWR	EXT SHOWER	1.00	UNITS	300	1	2024-10-27
875	FPL	FIREPLCE/MET F	1.00	UNITS	1500	1	2024-10-27
875	FPL2	1.5 STORY CHIM	1.00	UNITS	3800	1	2024-10-27
875	JAC	JETTUB	1.00	UNITS	1400	1	2024-10-27
876	GNRA	SV GENERATOR	1.00	UNITS	4100	1	2024-10-27
876	HRTH	HEARTH-INC FLU	2.00	UNITS	2700	1	2024-10-27
876	SHWR	EXT SHOWER	1.00	UNITS	300	1	2024-10-27
877	FPL2	1.5 STORY CHIM	1.00	UNITS	3200	1	2024-10-27
877	GNRA	SV GENERATOR	1.00	UNITS	4000	1	2024-10-27
878	FPL1	FIREPLACE 1 ST	1.00	UNITS	3000	1	2024-10-27
878	FPO	EXTRA FPL OPEN	1.00	UNITS	900	1	2024-10-27
879	FPL2	1.5 STORY CHIM	1.00	UNITS	3200	1	2024-10-27
88	FLU1	FLUE CONCRETE	1.00	UNITS	300	1	2024-10-27
880	GNRA	SV GENERATOR	1.00	UNITS	5300	1	2024-10-27
880	HRTH	HEARTH-INC FLU	1.00	UNITS	1700	1	2024-10-27
881	FPL2	1.5 STORY CHIM	1.00	UNITS	3900	1	2024-10-27
881	GNRA	SV GENERATOR	1.00	UNITS	4800	1	2024-10-27
881	HRTH	HEARTH-INC FLU	2.00	UNITS	3100	1	2024-10-27
881	POOL	POOL	1.00	UNITS	11500	1	2024-10-27
881	SNA	SAUNA	54.00	S.F.	6100	1	2024-10-27
883	FLU1	FLUE CONCRETE	1.00	UNITS	400	1	2024-10-27
884	FPL3	2 STORY CHIM	1.00	UNITS	4300	1	2024-10-27
887	FPL1	FIREPLACE 1 ST	1.00	UNITS	3600	1	2024-10-27
887	HRTH	HEARTH-INC FLU	1.00	UNITS	1600	1	2024-10-27
89	FPL1	FIREPLACE 1 ST	1.00	UNITS	3200	1	2024-10-27
89	GNRA	SV GENERATOR	1.00	UNITS	4400	1	2024-10-27
891	FPL3	2 STORY CHIM	1.00	UNITS	3900	1	2024-10-27
891	FPO	EXTRA FPL OPEN	1.00	UNITS	900	1	2024-10-27
891	GNRA	SV GENERATOR	1.00	UNITS	4200	1	2024-10-27
895	FPL3	2 STORY CHIM	1.00	UNITS	4500	1	2024-10-27
895	GNRA	SV GENERATOR	1.00	UNITS	5000	1	2024-10-27
896	FPL3	2 STORY CHIM	2.00	UNITS	9000	1	2024-10-27
896	FPO	EXTRA FPL OPEN	1.00	UNITS	1100	1	2024-10-27
896	GNRA	SV GENERATOR	1.00	UNITS	5000	1	2024-10-27
899	FPL2	1.5 STORY CHIM	1.00	UNITS	2800	1	2024-10-27
899	FPLD	DELUX FIREPLAC	1.00	UNITS	6800	1	2024-10-27
899	FPO	EXTRA FPL OPEN	2.00	UNITS	1500	1	2024-10-27
899	GNRA	SV GENERATOR	2.00	UNITS	6800	1	2024-10-27
900	FPLD	DELUX FIREPLAC	1.00	UNITS	8000	1	2024-10-27
900	FPO	EXTRA FPL OPEN	2.00	UNITS	1800	1	2024-10-27
900	GNRA	SV GENERATOR	1.00	UNITS	4200	2	2024-10-27
900	HOTT	HOT TUB	1.00	UNITS	2800	1	2024-10-27
901	HRTH	HEARTH-INC FLU	1.00	UNITS	1300	1	2024-10-27
909	FPL2	1.5 STORY CHIM	1.00	UNITS	4100	1	2024-10-27
909	GNRA	SV GENERATOR	1.00	UNITS	5000	1	2024-10-27
91	FPL2	1.5 STORY CHIM	1.00	UNITS	3800	1	2024-10-27
910	GNRA	SV GENERATOR	1.00	UNITS	4200	1	2024-10-27
911	FPL2	1.5 STORY CHIM	1.00	UNITS	3800	1	2024-10-27
911	FPO	EXTRA FPL OPEN	2.00	UNITS	2000	1	2024-10-27
913	FLU2	FLUE BRICK	2.00	UNITS	1700	1	2024-10-27
916	FLU1	FLUE CONCRETE	1.00	UNITS	400	1	2024-10-27
916	HRTH	HEARTH-INC FLU	2.00	UNITS	2600	1	2024-10-27
920	NFP1	NONFCTG FPL1	1.00	UNITS	1600	1	2024-10-27
923	FLU1	FLUE CONCRETE	1.00	UNITS	200	2	2024-10-27
93	FPL1	FIREPLACE 1 ST	1.00	UNITS	3600	1	2024-10-27
93	GNRA	SV GENERATOR	1.00	UNITS	5000	1	2024-10-27
93	HRTA	HEARTH-FLDPR	1.00	UNITS	900	1	2024-10-27
935	FPLD	DELUX FIREPLAC	1.00	UNITS	8700	1	2024-10-27
935	GNRA	SV GENERATOR	1.00	UNITS	4300	1	2024-10-27
939	FPL2	1.5 STORY CHIM	1.00	UNITS	3800	1	2024-10-27
939	HRTH	HEARTH-INC FLU	1.00	UNITS	1600	3	2024-10-27
94	JAC	JETTUB	1.00	UNITS	1500	1	2024-10-27
940	GNRA	SV GENERATOR	1.00	UNITS	5300	1	2024-10-27
940	HRTA	HEARTH-FLDPR	1.00	UNITS	900	1	2024-10-27
940	SHWR	EXT SHOWER	1.00	UNITS	400	1	2024-10-27
942	GNRA	SV GENERATOR	1.00	UNITS	4300	1	2024-10-27
942	HRTA	HEARTH-FLDPR	1.00	UNITS	800	1	2024-10-27
943	GNRA	SV GENERATOR	1.00	UNITS	4900	1	2024-10-27
944	GNRA	SV GENERATOR	1.00	UNITS	3900	1	2024-10-27
944	HRTH	HEARTH-INC FLU	1.00	UNITS	1300	1	2024-10-27
947	FPL2	1.5 STORY CHIM	1.00	UNITS	3800	1	2024-10-27
947	FPL3	2 STORY CHIM	1.00	UNITS	4300	1	2024-10-27
949	FPL1	FIREPLACE 1 ST	1.00	UNITS	3000	1	2024-10-27
949	FPL2	1.5 STORY CHIM	1.00	UNITS	3400	1	2024-10-27
949	FPO	EXTRA FPL OPEN	2.00	UNITS	1800	1	2024-10-27
95	HRTH	HEARTH-INC FLU	1.00	UNITS	1600	1	2024-10-27
951	FLU2	FLUE BRICK	1.00	UNITS	800	1	2024-10-27
952	FLU1	FLUE CONCRETE	1.00	UNITS	300	1	2024-10-27
952	HRTH	HEARTH-INC FLU	1.00	UNITS	1000	1	2024-10-27
953	FPL1	FIREPLACE 1 ST	1.00	UNITS	3600	1	2024-10-27
953	GNRA	SV GENERATOR	1.00	UNITS	5000	1	2024-10-27
954	FLU1	FLUE CONCRETE	1.00	UNITS	400	1	2024-10-27
954	HRTH	HEARTH-INC FLU	1.00	UNITS	1300	1	2024-10-27
955	FLU2	FLUE BRICK	1.00	UNITS	600	1	2024-10-27
955	HRTH	HEARTH-INC FLU	1.00	UNITS	1200	1	2024-10-27
959	FPL	FIREPLCE/MET F	0.00	UNITS	0	1	2024-10-27
960	HRTH	HEARTH-INC FLU	1.00	UNITS	1300	1	2024-10-27
962	GNRA	SV GENERATOR	1.00	UNITS	4700	1	2024-10-27
962	HRTH	HEARTH-INC FLU	1.00	UNITS	1500	1	2024-10-27
965	GNRA	SV GENERATOR	1.00	UNITS	4100	1	2024-10-27
965	SPR1	SPRINKLERS-WET	312.00	S.F.	700	1	2024-10-27
965	SPR2	WET/CONCEALED	600.00	S.F.	1600	1	2024-10-27
966	FPL2	1.5 STORY CHIM	1.00	UNITS	4100	1	2024-10-27
971	HRTH	HEARTH-INC FLU	1.00	UNITS	1400	1	2024-10-27
973	GNRA	SV GENERATOR	1.00	UNITS	4000	1	2024-10-27
973	HRTH	HEARTH-INC FLU	1.00	UNITS	1300	1	2024-10-27
974	FPL2	1.5 STORY CHIM	1.00	UNITS	3400	1	2024-10-27
974	FPO	EXTRA FPL OPEN	1.00	UNITS	900	1	2024-10-27
974	GNRA	SV GENERATOR	1.00	UNITS	4200	1	2024-10-27
976	FPL2	1.5 STORY CHIM	1.00	UNITS	3400	1	2024-10-27
977	FPL2	1.5 STORY CHIM	1.00	UNITS	4000	1	2024-10-27
977	GNRA	SV GENERATOR	1.00	UNITS	4800	1	2024-10-27
977	HRTH	HEARTH-INC FLU	1.00	UNITS	1600	1	2024-10-27
982	FPL1	FIREPLACE 1 ST	1.00	UNITS	2600	1	2024-10-27
986	HRTH	HEARTH-INC FLU	1.00	UNITS	1300	1	2024-10-27
987	FLU2	FLUE BRICK	1.00	UNITS	600	1	2024-10-27
987	HRTA	HEARTH-FLDPR	1.00	UNITS	700	1	2024-10-27
99	A/C	AIR CONDITION	1596.00	S.F.	3400	1	2024-10-27
99	GNRB	SV GENERATOR	1.00	UNITS	7900	1	2024-10-27
991	FLU1	FLUE CONCRETE	1.00	UNITS	400	1	2024-10-27
997	ELC1	ELEC CAR CHRGR	1.00	UNITS	1300	1	2024-10-27
997	FPL2	1.5 STORY CHIM	1.00	UNITS	3600	1	2024-10-27
997	GNRA	SV GENERATOR	1.00	UNITS	4300	1	2024-10-27
998	FPL2	1.5 STORY CHIM	1.00	UNITS	3700	1	2024-10-27
998	GNRA	SV GENERATOR	1.00	UNITS	4600	1	2024-10-27
998	HRTH	HEARTH-INC FLU	1.00	UNITS	1500	1	2024-10-27
998	SHR1	SHOWER STALL	1.00	UNITS	800	1	2024-10-27
PID	Code	Description	Size	Units	Value	Bldg#	CollectedOn
